[0.000000] (-) TimerEvent: {}
[0.007850] (my_f1tenth_pkg) JobQueued: {'identifier': 'my_f1tenth_pkg', 'dependencies': OrderedDict()}
[0.008683] (sllidar_ros2) JobQueued: {'identifier': 'sllidar_ros2', 'dependencies': OrderedDict()}
[0.009776] (vesc_msgs) JobQueued: {'identifier': 'vesc_msgs', 'dependencies': OrderedDict()}
[0.009916] (vesc_ackermann) JobQueued: {'identifier': 'vesc_ackermann', 'dependencies': OrderedDict([('vesc_msgs', '/root/ros2_ws/install/vesc_msgs')])}
[0.010149] (vesc_driver) JobQueued: {'identifier': 'vesc_driver', 'dependencies': OrderedDict([('vesc_msgs', '/root/ros2_ws/install/vesc_msgs')])}
[0.010353] (vesc) JobQueued: {'identifier': 'vesc', 'dependencies': OrderedDict([('vesc_msgs', '/root/ros2_ws/install/vesc_msgs'), ('vesc_ackermann', '/root/ros2_ws/install/vesc_ackermann'), ('vesc_driver', '/root/ros2_ws/install/vesc_driver')])}
[0.010488] (vesc_msgs) JobStarted: {'identifier': 'vesc_msgs'}
[0.098153] (-) TimerEvent: {}
[0.109435] (my_f1tenth_pkg) JobStarted: {'identifier': 'my_f1tenth_pkg'}
[0.174984] (sllidar_ros2) JobStarted: {'identifier': 'sllidar_ros2'}
[0.201559] (-) TimerEvent: {}
[0.250833] (vesc_msgs) JobProgress: {'identifier': 'vesc_msgs', 'progress': 'cmake'}
[0.258302] (vesc_msgs) Command: {'cmd': ['/usr/bin/cmake', '/root/ros2_ws/src/vesc/vesc_msgs', '-DAMENT_CMAKE_SYMLINK_INSTALL=1', '-DCMAKE_INSTALL_PREFIX=/root/ros2_ws/install/vesc_msgs'], 'cwd': '/root/ros2_ws/build/vesc_msgs', 'env': OrderedDict([('HOSTNAME', 'lmk-desktop'), ('SHLVL', '1'), ('LD_LIBRARY_PATH', '/root/ros2_ws/install/vesc_driver/lib:/root/ros2_ws/install/vesc_ackermann/lib:/root/ros2_ws/install/vesc_msgs/lib:/opt/ros/foxy/opt/yaml_cpp_vendor/lib:/opt/ros/foxy/opt/rviz_ogre_vendor/lib:/opt/ros/foxy/lib/aarch64-linux-gnu:/opt/ros/foxy/lib'), ('HOME', '/root'), ('OLDPWD', '/root/ros2_ws/src'), ('ROS_PYTHON_VERSION', '3'), ('COLCON_PREFIX_PATH', '/root/ros2_ws/install:/root/install'), ('ROS_DISTRO', 'foxy'), ('_', '/usr/bin/colcon'), ('ROS_VERSION', '2'), ('TERM', 'xterm'), ('ROS_LOCALHOST_ONLY', '0'), ('PATH', '/opt/ros/foxy/bin:/usr/local/sbin:/usr/local/bin:/usr/sbin:/usr/bin:/sbin:/bin'), ('DISPLAY', ':0'), ('LANG', 'C.UTF-8'), ('LS_COLORS', 'rs=0:di=01;34:ln=01;36:mh=00:pi=40;33:so=01;35:do=01;35:bd=40;33;01:cd=40;33;01:or=40;31;01:mi=00:su=37;41:sg=30;43:ca=30;41:tw=30;42:ow=34;42:st=37;44:ex=01;32:*.tar=01;31:*.tgz=01;31:*.arc=01;31:*.arj=01;31:*.taz=01;31:*.lha=01;31:*.lz4=01;31:*.lzh=01;31:*.lzma=01;31:*.tlz=01;31:*.txz=01;31:*.tzo=01;31:*.t7z=01;31:*.zip=01;31:*.z=01;31:*.dz=01;31:*.gz=01;31:*.lrz=01;31:*.lz=01;31:*.lzo=01;31:*.xz=01;31:*.zst=01;31:*.tzst=01;31:*.bz2=01;31:*.bz=01;31:*.tbz=01;31:*.tbz2=01;31:*.tz=01;31:*.deb=01;31:*.rpm=01;31:*.jar=01;31:*.war=01;31:*.ear=01;31:*.sar=01;31:*.rar=01;31:*.alz=01;31:*.ace=01;31:*.zoo=01;31:*.cpio=01;31:*.7z=01;31:*.rz=01;31:*.cab=01;31:*.wim=01;31:*.swm=01;31:*.dwm=01;31:*.esd=01;31:*.jpg=01;35:*.jpeg=01;35:*.mjpg=01;35:*.mjpeg=01;35:*.gif=01;35:*.bmp=01;35:*.pbm=01;35:*.pgm=01;35:*.ppm=01;35:*.tga=01;35:*.xbm=01;35:*.xpm=01;35:*.tif=01;35:*.tiff=01;35:*.png=01;35:*.svg=01;35:*.svgz=01;35:*.mng=01;35:*.pcx=01;35:*.mov=01;35:*.mpg=01;35:*.mpeg=01;35:*.m2v=01;35:*.mkv=01;35:*.webm=01;35:*.ogm=01;35:*.mp4=01;35:*.m4v=01;35:*.mp4v=01;35:*.vob=01;35:*.qt=01;35:*.nuv=01;35:*.wmv=01;35:*.asf=01;35:*.rm=01;35:*.rmvb=01;35:*.flc=01;35:*.avi=01;35:*.fli=01;35:*.flv=01;35:*.gl=01;35:*.dl=01;35:*.xcf=01;35:*.xwd=01;35:*.yuv=01;35:*.cgm=01;35:*.emf=01;35:*.ogv=01;35:*.ogx=01;35:*.aac=00;36:*.au=00;36:*.flac=00;36:*.m4a=00;36:*.mid=00;36:*.midi=00;36:*.mka=00;36:*.mp3=00;36:*.mpc=00;36:*.ogg=00;36:*.ra=00;36:*.wav=00;36:*.oga=00;36:*.opus=00;36:*.spx=00;36:*.xspf=00;36:'), ('AMENT_PREFIX_PATH', '/root/ros2_ws/install/vesc:/root/ros2_ws/install/vesc_driver:/root/ros2_ws/install/vesc_ackermann:/root/ros2_ws/install/vesc_msgs:/root/ros2_ws/install/my_f1tenth_pkg:/opt/ros/foxy'), ('PWD', '/root/ros2_ws/build/vesc_msgs'), ('LC_ALL', 'C.UTF-8'), ('PYTHONPATH', '/root/ros2_ws/install/vesc_msgs/lib/python3.8/site-packages:/root/ros2_ws/install/my_f1tenth_pkg/lib/python3.8/site-packages:/opt/ros/foxy/lib/python3.8/site-packages'), ('COLCON', '1'), ('CMAKE_PREFIX_PATH', '/root/ros2_ws/install/vesc:/root/ros2_ws/install/vesc_driver:/root/ros2_ws/install/vesc_ackermann:/root/ros2_ws/install/vesc_msgs:/root/ros2_ws/install/my_f1tenth_pkg:/opt/ros/foxy')]), 'shell': False}
[0.302011] (-) TimerEvent: {}
[0.403259] (-) TimerEvent: {}
[0.504307] (-) TimerEvent: {}
[0.605273] (-) TimerEvent: {}
[0.706005] (-) TimerEvent: {}
[0.808905] (-) TimerEvent: {}
[0.909727] (-) TimerEvent: {}
[1.010429] (-) TimerEvent: {}
[1.111116] (-) TimerEvent: {}
[1.212671] (-) TimerEvent: {}
[1.312611] (vesc_msgs) StdoutLine: {'line': b'-- Found ament_cmake_auto: 0.9.12 (/opt/ros/foxy/share/ament_cmake_auto/cmake)\n'}
[1.329739] (-) TimerEvent: {}
[1.332408] (vesc_msgs) StdoutLine: {'line': b'-- Found PythonInterp: /usr/bin/python3 (found suitable version "3.8.10", minimum required is "3") \n'}
[1.340029] (vesc_msgs) StdoutLine: {'line': b'-- Using PYTHON_EXECUTABLE: /usr/bin/python3\n'}
[1.340648] (sllidar_ros2) JobProgress: {'identifier': 'sllidar_ros2', 'progress': 'cmake'}
[1.340920] (sllidar_ros2) Command: {'cmd': ['/usr/bin/cmake', '/root/ros2_ws/src/sllidar_ros2', '-DAMENT_CMAKE_SYMLINK_INSTALL=1', '-DCMAKE_INSTALL_PREFIX=/root/ros2_ws/install/sllidar_ros2'], 'cwd': '/root/ros2_ws/build/sllidar_ros2', 'env': OrderedDict([('HOSTNAME', 'lmk-desktop'), ('SHLVL', '1'), ('LD_LIBRARY_PATH', '/root/ros2_ws/install/vesc_driver/lib:/root/ros2_ws/install/vesc_ackermann/lib:/root/ros2_ws/install/vesc_msgs/lib:/opt/ros/foxy/opt/yaml_cpp_vendor/lib:/opt/ros/foxy/opt/rviz_ogre_vendor/lib:/opt/ros/foxy/lib/aarch64-linux-gnu:/opt/ros/foxy/lib'), ('HOME', '/root'), ('OLDPWD', '/root/ros2_ws/src'), ('ROS_PYTHON_VERSION', '3'), ('COLCON_PREFIX_PATH', '/root/ros2_ws/install:/root/install'), ('ROS_DISTRO', 'foxy'), ('_', '/usr/bin/colcon'), ('ROS_VERSION', '2'), ('TERM', 'xterm'), ('ROS_LOCALHOST_ONLY', '0'), ('PATH', '/opt/ros/foxy/bin:/usr/local/sbin:/usr/local/bin:/usr/sbin:/usr/bin:/sbin:/bin'), ('DISPLAY', ':0'), ('LANG', 'C.UTF-8'), ('LS_COLORS', 'rs=0:di=01;34:ln=01;36:mh=00:pi=40;33:so=01;35:do=01;35:bd=40;33;01:cd=40;33;01:or=40;31;01:mi=00:su=37;41:sg=30;43:ca=30;41:tw=30;42:ow=34;42:st=37;44:ex=01;32:*.tar=01;31:*.tgz=01;31:*.arc=01;31:*.arj=01;31:*.taz=01;31:*.lha=01;31:*.lz4=01;31:*.lzh=01;31:*.lzma=01;31:*.tlz=01;31:*.txz=01;31:*.tzo=01;31:*.t7z=01;31:*.zip=01;31:*.z=01;31:*.dz=01;31:*.gz=01;31:*.lrz=01;31:*.lz=01;31:*.lzo=01;31:*.xz=01;31:*.zst=01;31:*.tzst=01;31:*.bz2=01;31:*.bz=01;31:*.tbz=01;31:*.tbz2=01;31:*.tz=01;31:*.deb=01;31:*.rpm=01;31:*.jar=01;31:*.war=01;31:*.ear=01;31:*.sar=01;31:*.rar=01;31:*.alz=01;31:*.ace=01;31:*.zoo=01;31:*.cpio=01;31:*.7z=01;31:*.rz=01;31:*.cab=01;31:*.wim=01;31:*.swm=01;31:*.dwm=01;31:*.esd=01;31:*.jpg=01;35:*.jpeg=01;35:*.mjpg=01;35:*.mjpeg=01;35:*.gif=01;35:*.bmp=01;35:*.pbm=01;35:*.pgm=01;35:*.ppm=01;35:*.tga=01;35:*.xbm=01;35:*.xpm=01;35:*.tif=01;35:*.tiff=01;35:*.png=01;35:*.svg=01;35:*.svgz=01;35:*.mng=01;35:*.pcx=01;35:*.mov=01;35:*.mpg=01;35:*.mpeg=01;35:*.m2v=01;35:*.mkv=01;35:*.webm=01;35:*.ogm=01;35:*.mp4=01;35:*.m4v=01;35:*.mp4v=01;35:*.vob=01;35:*.qt=01;35:*.nuv=01;35:*.wmv=01;35:*.asf=01;35:*.rm=01;35:*.rmvb=01;35:*.flc=01;35:*.avi=01;35:*.fli=01;35:*.flv=01;35:*.gl=01;35:*.dl=01;35:*.xcf=01;35:*.xwd=01;35:*.yuv=01;35:*.cgm=01;35:*.emf=01;35:*.ogv=01;35:*.ogx=01;35:*.aac=00;36:*.au=00;36:*.flac=00;36:*.m4a=00;36:*.mid=00;36:*.midi=00;36:*.mka=00;36:*.mp3=00;36:*.mpc=00;36:*.ogg=00;36:*.ra=00;36:*.wav=00;36:*.oga=00;36:*.opus=00;36:*.spx=00;36:*.xspf=00;36:'), ('AMENT_PREFIX_PATH', '/root/ros2_ws/install/vesc:/root/ros2_ws/install/vesc_driver:/root/ros2_ws/install/vesc_ackermann:/root/ros2_ws/install/vesc_msgs:/root/ros2_ws/install/my_f1tenth_pkg:/opt/ros/foxy'), ('PWD', '/root/ros2_ws/build/sllidar_ros2'), ('LC_ALL', 'C.UTF-8'), ('PYTHONPATH', '/root/ros2_ws/install/vesc_msgs/lib/python3.8/site-packages:/root/ros2_ws/install/my_f1tenth_pkg/lib/python3.8/site-packages:/opt/ros/foxy/lib/python3.8/site-packages'), ('COLCON', '1'), ('CMAKE_PREFIX_PATH', '/root/ros2_ws/install/vesc:/root/ros2_ws/install/vesc_driver:/root/ros2_ws/install/vesc_ackermann:/root/ros2_ws/install/vesc_msgs:/root/ros2_ws/install/my_f1tenth_pkg:/opt/ros/foxy')]), 'shell': False}
[1.433141] (-) TimerEvent: {}
[1.534393] (-) TimerEvent: {}
[1.635152] (-) TimerEvent: {}
[1.735881] (-) TimerEvent: {}
[1.873207] (-) TimerEvent: {}
[1.918681] (vesc_msgs) StdoutLine: {'line': b'-- Override CMake install command with custom implementation using symlinks instead of copying resources\n'}
[1.973368] (-) TimerEvent: {}
[2.075069] (-) TimerEvent: {}
[2.175749] (-) TimerEvent: {}
[2.240538] (sllidar_ros2) StdoutLine: {'line': b'-- The C compiler identification is GNU 9.4.0\n'}
[2.276917] (-) TimerEvent: {}
[2.378476] (-) TimerEvent: {}
[2.479216] (-) TimerEvent: {}
[2.579965] (-) TimerEvent: {}
[2.680795] (-) TimerEvent: {}
[2.690095] (vesc_msgs) StdoutLine: {'line': b'-- Using all available rosidl_typesupport_c: rosidl_typesupport_fastrtps_c;rosidl_typesupport_introspection_c\n'}
[2.737197] (vesc_msgs) StdoutLine: {'line': b'-- Found rosidl_adapter: 1.3.1 (/opt/ros/foxy/share/rosidl_adapter/cmake)\n'}
[2.780917] (-) TimerEvent: {}
[2.880747] (sllidar_ros2) StdoutLine: {'line': b'-- The CXX compiler identification is GNU 9.4.0\n'}
[2.881449] (-) TimerEvent: {}
[2.906883] (sllidar_ros2) StdoutLine: {'line': b'-- Check for working C compiler: /usr/bin/cc\n'}
[2.981631] (-) TimerEvent: {}
[3.082345] (-) TimerEvent: {}
[3.183140] (-) TimerEvent: {}
[3.207133] (sllidar_ros2) StdoutLine: {'line': b'-- Check for working C compiler: /usr/bin/cc -- works\n'}
[3.215114] (sllidar_ros2) StdoutLine: {'line': b'-- Detecting C compiler ABI info\n'}
[3.283302] (-) TimerEvent: {}
[3.384974] (-) TimerEvent: {}
[3.487580] (-) TimerEvent: {}
[3.544152] (sllidar_ros2) StdoutLine: {'line': b'-- Detecting C compiler ABI info - done\n'}
[3.587743] (-) TimerEvent: {}
[3.599139] (my_f1tenth_pkg) Command: {'cmd': ['/usr/bin/python3', 'setup.py', 'develop', '--editable', '--build-directory', '/root/ros2_ws/build/my_f1tenth_pkg/build', '--no-deps', 'install_data'], 'cwd': '/root/ros2_ws/build/my_f1tenth_pkg', 'env': {'HOSTNAME': 'lmk-desktop', 'SHLVL': '1', 'LD_LIBRARY_PATH': '/root/ros2_ws/install/vesc_driver/lib:/root/ros2_ws/install/vesc_ackermann/lib:/root/ros2_ws/install/vesc_msgs/lib:/opt/ros/foxy/opt/yaml_cpp_vendor/lib:/opt/ros/foxy/opt/rviz_ogre_vendor/lib:/opt/ros/foxy/lib/aarch64-linux-gnu:/opt/ros/foxy/lib', 'HOME': '/root', 'OLDPWD': '/root/ros2_ws/src', 'ROS_PYTHON_VERSION': '3', 'COLCON_PREFIX_PATH': '/root/ros2_ws/install:/root/install', 'ROS_DISTRO': 'foxy', '_': '/usr/bin/colcon', 'ROS_VERSION': '2', 'TERM': 'xterm', 'ROS_LOCALHOST_ONLY': '0', 'PATH': '/opt/ros/foxy/bin:/usr/local/sbin:/usr/local/bin:/usr/sbin:/usr/bin:/sbin:/bin', 'DISPLAY': ':0', 'LANG': 'C.UTF-8', 'LS_COLORS': 'rs=0:di=01;34:ln=01;36:mh=00:pi=40;33:so=01;35:do=01;35:bd=40;33;01:cd=40;33;01:or=40;31;01:mi=00:su=37;41:sg=30;43:ca=30;41:tw=30;42:ow=34;42:st=37;44:ex=01;32:*.tar=01;31:*.tgz=01;31:*.arc=01;31:*.arj=01;31:*.taz=01;31:*.lha=01;31:*.lz4=01;31:*.lzh=01;31:*.lzma=01;31:*.tlz=01;31:*.txz=01;31:*.tzo=01;31:*.t7z=01;31:*.zip=01;31:*.z=01;31:*.dz=01;31:*.gz=01;31:*.lrz=01;31:*.lz=01;31:*.lzo=01;31:*.xz=01;31:*.zst=01;31:*.tzst=01;31:*.bz2=01;31:*.bz=01;31:*.tbz=01;31:*.tbz2=01;31:*.tz=01;31:*.deb=01;31:*.rpm=01;31:*.jar=01;31:*.war=01;31:*.ear=01;31:*.sar=01;31:*.rar=01;31:*.alz=01;31:*.ace=01;31:*.zoo=01;31:*.cpio=01;31:*.7z=01;31:*.rz=01;31:*.cab=01;31:*.wim=01;31:*.swm=01;31:*.dwm=01;31:*.esd=01;31:*.jpg=01;35:*.jpeg=01;35:*.mjpg=01;35:*.mjpeg=01;35:*.gif=01;35:*.bmp=01;35:*.pbm=01;35:*.pgm=01;35:*.ppm=01;35:*.tga=01;35:*.xbm=01;35:*.xpm=01;35:*.tif=01;35:*.tiff=01;35:*.png=01;35:*.svg=01;35:*.svgz=01;35:*.mng=01;35:*.pcx=01;35:*.mov=01;35:*.mpg=01;35:*.mpeg=01;35:*.m2v=01;35:*.mkv=01;35:*.webm=01;35:*.ogm=01;35:*.mp4=01;35:*.m4v=01;35:*.mp4v=01;35:*.vob=01;35:*.qt=01;35:*.nuv=01;35:*.wmv=01;35:*.asf=01;35:*.rm=01;35:*.rmvb=01;35:*.flc=01;35:*.avi=01;35:*.fli=01;35:*.flv=01;35:*.gl=01;35:*.dl=01;35:*.xcf=01;35:*.xwd=01;35:*.yuv=01;35:*.cgm=01;35:*.emf=01;35:*.ogv=01;35:*.ogx=01;35:*.aac=00;36:*.au=00;36:*.flac=00;36:*.m4a=00;36:*.mid=00;36:*.midi=00;36:*.mka=00;36:*.mp3=00;36:*.mpc=00;36:*.ogg=00;36:*.ra=00;36:*.wav=00;36:*.oga=00;36:*.opus=00;36:*.spx=00;36:*.xspf=00;36:', 'AMENT_PREFIX_PATH': '/root/ros2_ws/install/vesc:/root/ros2_ws/install/vesc_driver:/root/ros2_ws/install/vesc_ackermann:/root/ros2_ws/install/vesc_msgs:/root/ros2_ws/install/my_f1tenth_pkg:/opt/ros/foxy', 'PWD': '/root/ros2_ws/build/my_f1tenth_pkg', 'LC_ALL': 'C.UTF-8', 'PYTHONPATH': '/root/ros2_ws/build/my_f1tenth_pkg/prefix_override:/root/ros2_ws/install/my_f1tenth_pkg/lib/python3.8/site-packages:/root/ros2_ws/install/vesc_msgs/lib/python3.8/site-packages:/root/ros2_ws/install/my_f1tenth_pkg/lib/python3.8/site-packages:/opt/ros/foxy/lib/python3.8/site-packages', 'COLCON': '1', 'CMAKE_PREFIX_PATH': '/root/ros2_ws/install/vesc:/root/ros2_ws/install/vesc_driver:/root/ros2_ws/install/vesc_ackermann:/root/ros2_ws/install/vesc_msgs'}, 'shell': False}
[3.607903] (sllidar_ros2) StdoutLine: {'line': b'-- Detecting C compile features\n'}
[3.608522] (sllidar_ros2) StdoutLine: {'line': b'-- Detecting C compile features - done\n'}
[3.616865] (sllidar_ros2) StdoutLine: {'line': b'-- Check for working CXX compiler: /usr/bin/c++\n'}
[3.629387] (vesc_msgs) StdoutLine: {'line': b'-- Using all available rosidl_typesupport_cpp: rosidl_typesupport_fastrtps_cpp;rosidl_typesupport_introspection_cpp\n'}
[3.687936] (-) TimerEvent: {}
[3.788924] (-) TimerEvent: {}
[3.889684] (-) TimerEvent: {}
[3.957504] (sllidar_ros2) StdoutLine: {'line': b'-- Check for working CXX compiler: /usr/bin/c++ -- works\n'}
[3.962148] (sllidar_ros2) StdoutLine: {'line': b'-- Detecting CXX compiler ABI info\n'}
[3.989850] (-) TimerEvent: {}
[4.091831] (-) TimerEvent: {}
[4.192659] (-) TimerEvent: {}
[4.278207] (vesc_msgs) StdoutLine: {'line': b'-- Found PythonInterp: /usr/bin/python3 (found version "3.8.10") \n'}
[4.292916] (-) TimerEvent: {}
[4.295147] (sllidar_ros2) StdoutLine: {'line': b'-- Detecting CXX compiler ABI info - done\n'}
[4.358490] (sllidar_ros2) StdoutLine: {'line': b'-- Detecting CXX compile features\n'}
[4.360642] (sllidar_ros2) StdoutLine: {'line': b'-- Detecting CXX compile features - done\n'}
[4.376506] (sllidar_ros2) StdoutLine: {'line': b'-- Found ament_cmake: 0.9.12 (/opt/ros/foxy/share/ament_cmake/cmake)\n'}
[4.393077] (-) TimerEvent: {}
[4.495257] (-) TimerEvent: {}
[4.503074] (sllidar_ros2) StdoutLine: {'line': b'-- Found PythonInterp: /usr/bin/python3 (found suitable version "3.8.10", minimum required is "3") \n'}
[4.506147] (sllidar_ros2) StdoutLine: {'line': b'-- Using PYTHON_EXECUTABLE: /usr/bin/python3\n'}
[4.555220] (my_f1tenth_pkg) StdoutLine: {'line': b'running develop\n'}
[4.595494] (-) TimerEvent: {}
[4.697458] (-) TimerEvent: {}
[4.799419] (-) TimerEvent: {}
[4.900107] (-) TimerEvent: {}
[4.958742] (my_f1tenth_pkg) StdoutLine: {'line': b'running egg_info\n'}
[4.961475] (my_f1tenth_pkg) StdoutLine: {'line': b'writing my_f1tenth_pkg.egg-info/PKG-INFO\n'}
[4.969599] (my_f1tenth_pkg) StdoutLine: {'line': b'writing dependency_links to my_f1tenth_pkg.egg-info/dependency_links.txt\n'}
[4.971055] (my_f1tenth_pkg) StdoutLine: {'line': b'writing entry points to my_f1tenth_pkg.egg-info/entry_points.txt\n'}
[4.971513] (my_f1tenth_pkg) StdoutLine: {'line': b'writing requirements to my_f1tenth_pkg.egg-info/requires.txt\n'}
[4.972018] (my_f1tenth_pkg) StdoutLine: {'line': b'writing top-level names to my_f1tenth_pkg.egg-info/top_level.txt\n'}
[5.000273] (-) TimerEvent: {}
[5.058401] (vesc_msgs) StdoutLine: {'line': b'-- Found ament_cmake_ros: 0.9.2 (/opt/ros/foxy/share/ament_cmake_ros/cmake)\n'}
[5.103409] (-) TimerEvent: {}
[5.152272] (my_f1tenth_pkg) StdoutLine: {'line': b"reading manifest file 'my_f1tenth_pkg.egg-info/SOURCES.txt'\n"}
[5.157348] (my_f1tenth_pkg) StdoutLine: {'line': b"writing manifest file 'my_f1tenth_pkg.egg-info/SOURCES.txt'\n"}
[5.163284] (my_f1tenth_pkg) StdoutLine: {'line': b'running build_ext\n'}
[5.165459] (my_f1tenth_pkg) StdoutLine: {'line': b'Creating /root/ros2_ws/install/my_f1tenth_pkg/lib/python3.8/site-packages/site.py\n'}
[5.179616] (my_f1tenth_pkg) StdoutLine: {'line': b'Creating /root/ros2_ws/install/my_f1tenth_pkg/lib/python3.8/site-packages/my-f1tenth-pkg.egg-link (link to .)\n'}
[5.180964] (sllidar_ros2) StdoutLine: {'line': b'-- Override CMake install command with custom implementation using symlinks instead of copying resources\n'}
[5.182119] (my_f1tenth_pkg) StdoutLine: {'line': b'Installing newodom_node script to /root/ros2_ws/install/my_f1tenth_pkg/lib/my_f1tenth_pkg\n'}
[5.182631] (my_f1tenth_pkg) StdoutLine: {'line': b'Installing odom_erpm_node script to /root/ros2_ws/install/my_f1tenth_pkg/lib/my_f1tenth_pkg\n'}
[5.183078] (my_f1tenth_pkg) StdoutLine: {'line': b'Installing odom_tacho_node script to /root/ros2_ws/install/my_f1tenth_pkg/lib/my_f1tenth_pkg\n'}
[5.183574] (my_f1tenth_pkg) StdoutLine: {'line': b'\n'}
[5.184075] (my_f1tenth_pkg) StdoutLine: {'line': b'Installed /root/ros2_ws/build/my_f1tenth_pkg\n'}
[5.184515] (my_f1tenth_pkg) StdoutLine: {'line': b'running install_data\n'}
[5.203605] (-) TimerEvent: {}
[5.306226] (my_f1tenth_pkg) CommandEnded: {'returncode': 0}
[5.311666] (-) TimerEvent: {}
[5.361332] (sllidar_ros2) StdoutLine: {'line': b'-- Found rclcpp: 2.4.3 (/opt/ros/foxy/share/rclcpp/cmake)\n'}
[5.412052] (-) TimerEvent: {}
[5.425665] (my_f1tenth_pkg) JobEnded: {'identifier': 'my_f1tenth_pkg', 'rc': 0}
[5.512287] (-) TimerEvent: {}
[5.613000] (-) TimerEvent: {}
[5.645500] (sllidar_ros2) StdoutLine: {'line': b'-- Using all available rosidl_typesupport_c: rosidl_typesupport_fastrtps_c;rosidl_typesupport_introspection_c\n'}
[5.695046] (sllidar_ros2) StdoutLine: {'line': b'-- Found rosidl_adapter: 1.3.1 (/opt/ros/foxy/share/rosidl_adapter/cmake)\n'}
[5.713171] (-) TimerEvent: {}
[5.813923] (-) TimerEvent: {}
[5.915523] (-) TimerEvent: {}
[6.016812] (-) TimerEvent: {}
[6.080208] (sllidar_ros2) StdoutLine: {'line': b'-- Found OpenSSL: /usr/lib/aarch64-linux-gnu/libcrypto.so (found version "1.1.1f")  \n'}
[6.116972] (-) TimerEvent: {}
[6.219890] (-) TimerEvent: {}
[6.221603] (sllidar_ros2) StdoutLine: {'line': b'-- Found FastRTPS: /opt/ros/foxy/include  \n'}
[6.320068] (-) TimerEvent: {}
[6.340263] (vesc_msgs) StdoutLine: {'line': b'-- Using all available rosidl_typesupport_c: rosidl_typesupport_fastrtps_c;rosidl_typesupport_introspection_c\n'}
[6.420248] (-) TimerEvent: {}
[6.520940] (-) TimerEvent: {}
[6.624262] (sllidar_ros2) StdoutLine: {'line': b'-- Using all available rosidl_typesupport_cpp: rosidl_typesupport_fastrtps_cpp;rosidl_typesupport_introspection_cpp\n'}
[6.624926] (-) TimerEvent: {}
[6.725503] (-) TimerEvent: {}
[6.826154] (-) TimerEvent: {}
[6.926926] (-) TimerEvent: {}
[6.939369] (vesc_msgs) StdoutLine: {'line': b'-- Using all available rosidl_typesupport_cpp: rosidl_typesupport_fastrtps_cpp;rosidl_typesupport_introspection_cpp\n'}
[6.945633] (sllidar_ros2) StdoutLine: {'line': b'-- Found rmw_implementation_cmake: 1.0.4 (/opt/ros/foxy/share/rmw_implementation_cmake/cmake)\n'}
[6.957427] (sllidar_ros2) StdoutLine: {'line': b"-- Using RMW implementation 'rmw_fastrtps_cpp' as default\n"}
[6.965563] (sllidar_ros2) StdoutLine: {'line': b'-- Looking for pthread.h\n'}
[7.027187] (-) TimerEvent: {}
[7.081748] (vesc_msgs) StdoutLine: {'line': b'-- Found PythonInterp: /usr/bin/python3 (found suitable version "3.8.10", minimum required is "3.5") \n'}
[7.086126] (vesc_msgs) StdoutLine: {'line': b'-- Found python_cmake_module: 0.8.1 (/opt/ros/foxy/share/python_cmake_module/cmake)\n'}
[7.127408] (-) TimerEvent: {}
[7.229737] (-) TimerEvent: {}
[7.230609] (vesc_msgs) StdoutLine: {'line': b'-- Using PYTHON_EXECUTABLE: /usr/bin/python3\n'}
[7.231519] (vesc_msgs) StdoutLine: {'line': b'-- Using PYTHON_INCLUDE_DIRS: /usr/include/python3.8\n'}
[7.232267] (vesc_msgs) StdoutLine: {'line': b'-- Using PYTHON_LIBRARIES: /usr/lib/aarch64-linux-gnu/libpython3.8.so\n'}
[7.302420] (sllidar_ros2) StdoutLine: {'line': b'-- Looking for pthread.h - found\n'}
[7.303283] (sllidar_ros2) StdoutLine: {'line': b'-- Performing Test CMAKE_HAVE_LIBC_PTHREAD\n'}
[7.329901] (-) TimerEvent: {}
[7.430570] (-) TimerEvent: {}
[7.531298] (-) TimerEvent: {}
[7.551732] (vesc_msgs) StdoutLine: {'line': b'-- Found ament_lint_auto: 0.9.8 (/opt/ros/foxy/share/ament_lint_auto/cmake)\n'}
[7.600411] (sllidar_ros2) StdoutLine: {'line': b'-- Performing Test CMAKE_HAVE_LIBC_PTHREAD - Failed\n'}
[7.601384] (sllidar_ros2) StdoutLine: {'line': b'-- Looking for pthread_create in pthreads\n'}
[7.631466] (-) TimerEvent: {}
[7.673362] (vesc_msgs) StdoutLine: {'line': b"-- Added test 'copyright' to check source files copyright and LICENSE\n"}
[7.684114] (vesc_msgs) StdoutLine: {'line': b"-- Added test 'lint_cmake' to check CMake code style\n"}
[7.690645] (vesc_msgs) StdoutLine: {'line': b"-- Added test 'xmllint' to check XML markup files\n"}
[7.727220] (vesc_msgs) StdoutLine: {'line': b'-- Configuring done\n'}
[7.731625] (-) TimerEvent: {}
[7.832336] (-) TimerEvent: {}
[7.841487] (sllidar_ros2) StdoutLine: {'line': b'-- Looking for pthread_create in pthreads - not found\n'}
[7.842410] (sllidar_ros2) StdoutLine: {'line': b'-- Looking for pthread_create in pthread\n'}
[7.932583] (-) TimerEvent: {}
[8.035160] (-) TimerEvent: {}
[8.122140] (sllidar_ros2) StdoutLine: {'line': b'-- Looking for pthread_create in pthread - found\n'}
[8.126057] (sllidar_ros2) StdoutLine: {'line': b'-- Found Threads: TRUE  \n'}
[8.135320] (-) TimerEvent: {}
[8.147203] (vesc_msgs) StdoutLine: {'line': b'-- Generating done\n'}
[8.160053] (vesc_msgs) StdoutLine: {'line': b'-- Build files have been written to: /root/ros2_ws/build/vesc_msgs\n'}
[8.190886] (vesc_msgs) CommandEnded: {'returncode': 0}
[8.192898] (vesc_msgs) JobProgress: {'identifier': 'vesc_msgs', 'progress': 'build'}
[8.195812] (vesc_msgs) Command: {'cmd': ['/usr/bin/cmake', '--build', '/root/ros2_ws/build/vesc_msgs', '--', '-j4', '-l4'], 'cwd': '/root/ros2_ws/build/vesc_msgs', 'env': OrderedDict([('HOSTNAME', 'lmk-desktop'), ('SHLVL', '1'), ('LD_LIBRARY_PATH', '/root/ros2_ws/install/vesc_driver/lib:/root/ros2_ws/install/vesc_ackermann/lib:/root/ros2_ws/install/vesc_msgs/lib:/opt/ros/foxy/opt/yaml_cpp_vendor/lib:/opt/ros/foxy/opt/rviz_ogre_vendor/lib:/opt/ros/foxy/lib/aarch64-linux-gnu:/opt/ros/foxy/lib'), ('HOME', '/root'), ('OLDPWD', '/root/ros2_ws/src'), ('ROS_PYTHON_VERSION', '3'), ('COLCON_PREFIX_PATH', '/root/ros2_ws/install:/root/install'), ('ROS_DISTRO', 'foxy'), ('_', '/usr/bin/colcon'), ('ROS_VERSION', '2'), ('TERM', 'xterm'), ('ROS_LOCALHOST_ONLY', '0'), ('PATH', '/opt/ros/foxy/bin:/usr/local/sbin:/usr/local/bin:/usr/sbin:/usr/bin:/sbin:/bin'), ('DISPLAY', ':0'), ('LANG', 'C.UTF-8'), ('LS_COLORS', 'rs=0:di=01;34:ln=01;36:mh=00:pi=40;33:so=01;35:do=01;35:bd=40;33;01:cd=40;33;01:or=40;31;01:mi=00:su=37;41:sg=30;43:ca=30;41:tw=30;42:ow=34;42:st=37;44:ex=01;32:*.tar=01;31:*.tgz=01;31:*.arc=01;31:*.arj=01;31:*.taz=01;31:*.lha=01;31:*.lz4=01;31:*.lzh=01;31:*.lzma=01;31:*.tlz=01;31:*.txz=01;31:*.tzo=01;31:*.t7z=01;31:*.zip=01;31:*.z=01;31:*.dz=01;31:*.gz=01;31:*.lrz=01;31:*.lz=01;31:*.lzo=01;31:*.xz=01;31:*.zst=01;31:*.tzst=01;31:*.bz2=01;31:*.bz=01;31:*.tbz=01;31:*.tbz2=01;31:*.tz=01;31:*.deb=01;31:*.rpm=01;31:*.jar=01;31:*.war=01;31:*.ear=01;31:*.sar=01;31:*.rar=01;31:*.alz=01;31:*.ace=01;31:*.zoo=01;31:*.cpio=01;31:*.7z=01;31:*.rz=01;31:*.cab=01;31:*.wim=01;31:*.swm=01;31:*.dwm=01;31:*.esd=01;31:*.jpg=01;35:*.jpeg=01;35:*.mjpg=01;35:*.mjpeg=01;35:*.gif=01;35:*.bmp=01;35:*.pbm=01;35:*.pgm=01;35:*.ppm=01;35:*.tga=01;35:*.xbm=01;35:*.xpm=01;35:*.tif=01;35:*.tiff=01;35:*.png=01;35:*.svg=01;35:*.svgz=01;35:*.mng=01;35:*.pcx=01;35:*.mov=01;35:*.mpg=01;35:*.mpeg=01;35:*.m2v=01;35:*.mkv=01;35:*.webm=01;35:*.ogm=01;35:*.mp4=01;35:*.m4v=01;35:*.mp4v=01;35:*.vob=01;35:*.qt=01;35:*.nuv=01;35:*.wmv=01;35:*.asf=01;35:*.rm=01;35:*.rmvb=01;35:*.flc=01;35:*.avi=01;35:*.fli=01;35:*.flv=01;35:*.gl=01;35:*.dl=01;35:*.xcf=01;35:*.xwd=01;35:*.yuv=01;35:*.cgm=01;35:*.emf=01;35:*.ogv=01;35:*.ogx=01;35:*.aac=00;36:*.au=00;36:*.flac=00;36:*.m4a=00;36:*.mid=00;36:*.midi=00;36:*.mka=00;36:*.mp3=00;36:*.mpc=00;36:*.ogg=00;36:*.ra=00;36:*.wav=00;36:*.oga=00;36:*.opus=00;36:*.spx=00;36:*.xspf=00;36:'), ('AMENT_PREFIX_PATH', '/root/ros2_ws/install/vesc:/root/ros2_ws/install/vesc_driver:/root/ros2_ws/install/vesc_ackermann:/root/ros2_ws/install/vesc_msgs:/root/ros2_ws/install/my_f1tenth_pkg:/opt/ros/foxy'), ('PWD', '/root/ros2_ws/build/vesc_msgs'), ('LC_ALL', 'C.UTF-8'), ('PYTHONPATH', '/root/ros2_ws/install/vesc_msgs/lib/python3.8/site-packages:/root/ros2_ws/install/my_f1tenth_pkg/lib/python3.8/site-packages:/opt/ros/foxy/lib/python3.8/site-packages'), ('COLCON', '1'), ('CMAKE_PREFIX_PATH', '/root/ros2_ws/install/vesc:/root/ros2_ws/install/vesc_driver:/root/ros2_ws/install/vesc_ackermann:/root/ros2_ws/install/vesc_msgs:/root/ros2_ws/install/my_f1tenth_pkg:/opt/ros/foxy')]), 'shell': False}
[8.235551] (-) TimerEvent: {}
[8.337328] (-) TimerEvent: {}
[8.423219] (vesc_msgs) StdoutLine: {'line': b'[  1%] Built target vesc_msgs__cpp\n'}
[8.438602] (-) TimerEvent: {}
[8.530847] (vesc_msgs) StdoutLine: {'line': b'[ 12%] Built target vesc_msgs__rosidl_generator_c\n'}
[8.538801] (-) TimerEvent: {}
[8.599577] (vesc_msgs) StdoutLine: {'line': b'[ 23%] Built target vesc_msgs__rosidl_typesupport_cpp\n'}
[8.638045] (vesc_msgs) StdoutLine: {'line': b'[ 34%] Built target vesc_msgs__rosidl_typesupport_introspection_cpp\n'}
[8.638923] (-) TimerEvent: {}
[8.694256] (vesc_msgs) StdoutLine: {'line': b'[ 36%] \x1b[32m\x1b[1mLinking CXX shared library libvesc_msgs__rosidl_typesupport_fastrtps_cpp.so\x1b[0m\n'}
[8.739113] (-) TimerEvent: {}
[8.748848] (vesc_msgs) StdoutLine: {'line': b'[ 47%] Built target vesc_msgs__rosidl_typesupport_c\n'}
[8.789208] (vesc_msgs) StdoutLine: {'line': b'[ 58%] Built target vesc_msgs__rosidl_typesupport_introspection_c\n'}
[8.839348] (-) TimerEvent: {}
[8.940080] (-) TimerEvent: {}
[9.060503] (-) TimerEvent: {}
[9.163784] (-) TimerEvent: {}
[9.196175] (sllidar_ros2) StdoutLine: {'line': b'-- Found sensor_msgs: 2.0.5 (/opt/ros/foxy/share/sensor_msgs/cmake)\n'}
[9.218481] (vesc_msgs) StdoutLine: {'line': b'[ 67%] Built target vesc_msgs__rosidl_typesupport_fastrtps_cpp\n'}
[9.264025] (-) TimerEvent: {}
[9.335921] (vesc_msgs) StdoutLine: {'line': b'[ 69%] \x1b[32m\x1b[1mLinking CXX shared library libvesc_msgs__rosidl_typesupport_fastrtps_c.so\x1b[0m\n'}
[9.364261] (-) TimerEvent: {}
[9.465062] (-) TimerEvent: {}
[9.567692] (-) TimerEvent: {}
[9.668464] (-) TimerEvent: {}
[9.720564] (vesc_msgs) StdoutLine: {'line': b'[ 78%] Built target vesc_msgs__rosidl_typesupport_fastrtps_c\n'}
[9.768642] (-) TimerEvent: {}
[9.797981] (sllidar_ros2) StdoutLine: {'line': b'-- Found std_srvs: 2.0.5 (/opt/ros/foxy/share/std_srvs/cmake)\n'}
[9.803105] (vesc_msgs) StdoutLine: {'line': b'[ 78%] Built target vesc_msgs\n'}
[9.868942] (-) TimerEvent: {}
[9.887397] (vesc_msgs) StdoutLine: {'line': b'[ 80%] Built target vesc_msgs__py\n'}
[9.969113] (-) TimerEvent: {}
[10.017553] (vesc_msgs) StdoutLine: {'line': b'[ 81%] \x1b[32m\x1b[1mLinking C shared library rosidl_generator_py/vesc_msgs/libvesc_msgs__python.so\x1b[0m\n'}
[10.069268] (-) TimerEvent: {}
[10.170546] (-) TimerEvent: {}
[10.175969] (sllidar_ros2) StdoutLine: {'line': b'-- Configuring done\n'}
[10.236159] (vesc_msgs) StdoutLine: {'line': b'[ 89%] Built target vesc_msgs__python\n'}
[10.243225] (sllidar_ros2) StdoutLine: {'line': b'-- Generating done\n'}
[10.249396] (sllidar_ros2) StdoutLine: {'line': b'-- Build files have been written to: /root/ros2_ws/build/sllidar_ros2\n'}
[10.270748] (-) TimerEvent: {}
[10.293390] (sllidar_ros2) CommandEnded: {'returncode': 0}
[10.295702] (sllidar_ros2) JobProgress: {'identifier': 'sllidar_ros2', 'progress': 'build'}
[10.295875] (sllidar_ros2) Command: {'cmd': ['/usr/bin/cmake', '--build', '/root/ros2_ws/build/sllidar_ros2', '--', '-j4', '-l4'], 'cwd': '/root/ros2_ws/build/sllidar_ros2', 'env': OrderedDict([('HOSTNAME', 'lmk-desktop'), ('SHLVL', '1'), ('LD_LIBRARY_PATH', '/root/ros2_ws/install/vesc_driver/lib:/root/ros2_ws/install/vesc_ackermann/lib:/root/ros2_ws/install/vesc_msgs/lib:/opt/ros/foxy/opt/yaml_cpp_vendor/lib:/opt/ros/foxy/opt/rviz_ogre_vendor/lib:/opt/ros/foxy/lib/aarch64-linux-gnu:/opt/ros/foxy/lib'), ('HOME', '/root'), ('OLDPWD', '/root/ros2_ws/src'), ('ROS_PYTHON_VERSION', '3'), ('COLCON_PREFIX_PATH', '/root/ros2_ws/install:/root/install'), ('ROS_DISTRO', 'foxy'), ('_', '/usr/bin/colcon'), ('ROS_VERSION', '2'), ('TERM', 'xterm'), ('ROS_LOCALHOST_ONLY', '0'), ('PATH', '/opt/ros/foxy/bin:/usr/local/sbin:/usr/local/bin:/usr/sbin:/usr/bin:/sbin:/bin'), ('DISPLAY', ':0'), ('LANG', 'C.UTF-8'), ('LS_COLORS', 'rs=0:di=01;34:ln=01;36:mh=00:pi=40;33:so=01;35:do=01;35:bd=40;33;01:cd=40;33;01:or=40;31;01:mi=00:su=37;41:sg=30;43:ca=30;41:tw=30;42:ow=34;42:st=37;44:ex=01;32:*.tar=01;31:*.tgz=01;31:*.arc=01;31:*.arj=01;31:*.taz=01;31:*.lha=01;31:*.lz4=01;31:*.lzh=01;31:*.lzma=01;31:*.tlz=01;31:*.txz=01;31:*.tzo=01;31:*.t7z=01;31:*.zip=01;31:*.z=01;31:*.dz=01;31:*.gz=01;31:*.lrz=01;31:*.lz=01;31:*.lzo=01;31:*.xz=01;31:*.zst=01;31:*.tzst=01;31:*.bz2=01;31:*.bz=01;31:*.tbz=01;31:*.tbz2=01;31:*.tz=01;31:*.deb=01;31:*.rpm=01;31:*.jar=01;31:*.war=01;31:*.ear=01;31:*.sar=01;31:*.rar=01;31:*.alz=01;31:*.ace=01;31:*.zoo=01;31:*.cpio=01;31:*.7z=01;31:*.rz=01;31:*.cab=01;31:*.wim=01;31:*.swm=01;31:*.dwm=01;31:*.esd=01;31:*.jpg=01;35:*.jpeg=01;35:*.mjpg=01;35:*.mjpeg=01;35:*.gif=01;35:*.bmp=01;35:*.pbm=01;35:*.pgm=01;35:*.ppm=01;35:*.tga=01;35:*.xbm=01;35:*.xpm=01;35:*.tif=01;35:*.tiff=01;35:*.png=01;35:*.svg=01;35:*.svgz=01;35:*.mng=01;35:*.pcx=01;35:*.mov=01;35:*.mpg=01;35:*.mpeg=01;35:*.m2v=01;35:*.mkv=01;35:*.webm=01;35:*.ogm=01;35:*.mp4=01;35:*.m4v=01;35:*.mp4v=01;35:*.vob=01;35:*.qt=01;35:*.nuv=01;35:*.wmv=01;35:*.asf=01;35:*.rm=01;35:*.rmvb=01;35:*.flc=01;35:*.avi=01;35:*.fli=01;35:*.flv=01;35:*.gl=01;35:*.dl=01;35:*.xcf=01;35:*.xwd=01;35:*.yuv=01;35:*.cgm=01;35:*.emf=01;35:*.ogv=01;35:*.ogx=01;35:*.aac=00;36:*.au=00;36:*.flac=00;36:*.m4a=00;36:*.mid=00;36:*.midi=00;36:*.mka=00;36:*.mp3=00;36:*.mpc=00;36:*.ogg=00;36:*.ra=00;36:*.wav=00;36:*.oga=00;36:*.opus=00;36:*.spx=00;36:*.xspf=00;36:'), ('AMENT_PREFIX_PATH', '/root/ros2_ws/install/vesc:/root/ros2_ws/install/vesc_driver:/root/ros2_ws/install/vesc_ackermann:/root/ros2_ws/install/vesc_msgs:/root/ros2_ws/install/my_f1tenth_pkg:/opt/ros/foxy'), ('PWD', '/root/ros2_ws/build/sllidar_ros2'), ('LC_ALL', 'C.UTF-8'), ('PYTHONPATH', '/root/ros2_ws/install/vesc_msgs/lib/python3.8/site-packages:/root/ros2_ws/install/my_f1tenth_pkg/lib/python3.8/site-packages:/opt/ros/foxy/lib/python3.8/site-packages'), ('COLCON', '1'), ('CMAKE_PREFIX_PATH', '/root/ros2_ws/install/vesc:/root/ros2_ws/install/vesc_driver:/root/ros2_ws/install/vesc_ackermann:/root/ros2_ws/install/vesc_msgs:/root/ros2_ws/install/my_f1tenth_pkg:/opt/ros/foxy')]), 'shell': False}
[10.370953] (-) TimerEvent: {}
[10.377428] (vesc_msgs) StdoutLine: {'line': b'[ 90%] \x1b[32m\x1b[1mLinking C shared library rosidl_generator_py/vesc_msgs/vesc_msgs_s__rosidl_typesupport_c.cpython-38-aarch64-linux-gnu.so\x1b[0m\n'}
[10.379209] (vesc_msgs) StdoutLine: {'line': b'[ 92%] \x1b[32m\x1b[1mLinking CXX shared library rosidl_generator_py/vesc_msgs/vesc_msgs_s__rosidl_typesupport_fastrtps_c.cpython-38-aarch64-linux-gnu.so\x1b[0m\n'}
[10.380475] (vesc_msgs) StdoutLine: {'line': b'[ 94%] \x1b[32m\x1b[1mLinking C shared library rosidl_generator_py/vesc_msgs/vesc_msgs_s__rosidl_typesupport_introspection_c.cpython-38-aarch64-linux-gnu.so\x1b[0m\n'}
[10.471145] (-) TimerEvent: {}
[10.491476] (sllidar_ros2) StdoutLine: {'line': b'\x1b[35m\x1b[1mScanning dependencies of target sllidar_node\x1b[0m\n'}
[10.526072] (sllidar_ros2) StdoutLine: {'line': b'\x1b[35m\x1b[1mScanning dependencies of target sllidar_client\x1b[0m\n'}
[10.571325] (-) TimerEvent: {}
[10.576442] (vesc_msgs) StdoutLine: {'line': b'[ 96%] Built target vesc_msgs__rosidl_typesupport_c__pyext\n'}
[10.616896] (vesc_msgs) StdoutLine: {'line': b'[ 98%] Built target vesc_msgs__rosidl_typesupport_introspection_c__pyext\n'}
[10.671495] (-) TimerEvent: {}
[10.757753] (vesc_msgs) StdoutLine: {'line': b'[100%] Built target vesc_msgs__rosidl_typesupport_fastrtps_c__pyext\n'}
[10.771664] (-) TimerEvent: {}
[10.803935] (vesc_msgs) CommandEnded: {'returncode': 0}
[10.871944] (-) TimerEvent: {}
[10.971028] (sllidar_ros2) StdoutLine: {'line': b'[  5%] \x1b[32mBuilding CXX object CMakeFiles/sllidar_client.dir/src/sllidar_client.cpp.o\x1b[0m\n'}
[10.972046] (-) TimerEvent: {}
[10.978812] (sllidar_ros2) StdoutLine: {'line': b'[ 10%] \x1b[32mBuilding CXX object CMakeFiles/sllidar_node.dir/src/sllidar_node.cpp.o\x1b[0m\n'}
[10.988336] (sllidar_ros2) StdoutLine: {'line': b'[ 15%] \x1b[32mBuilding CXX object CMakeFiles/sllidar_node.dir/sdk/src/arch/linux/net_serial.cpp.o\x1b[0m\n'}
[11.026408] (sllidar_ros2) StdoutLine: {'line': b'[ 20%] \x1b[32mBuilding CXX object CMakeFiles/sllidar_node.dir/sdk/src/arch/linux/net_socket.cpp.o\x1b[0m\n'}
[11.072216] (-) TimerEvent: {}
[11.173526] (-) TimerEvent: {}
[11.275711] (-) TimerEvent: {}
[11.377380] (-) TimerEvent: {}
[11.479658] (-) TimerEvent: {}
[11.583973] (-) TimerEvent: {}
[11.686700] (-) TimerEvent: {}
[11.789496] (-) TimerEvent: {}
[11.887070] (vesc_msgs) JobProgress: {'identifier': 'vesc_msgs', 'progress': 'install'}
[11.890602] (-) TimerEvent: {}
[11.991681] (vesc_msgs) Command: {'cmd': ['/usr/bin/cmake', '--install', '/root/ros2_ws/build/vesc_msgs'], 'cwd': '/root/ros2_ws/build/vesc_msgs', 'env': OrderedDict([('HOSTNAME', 'lmk-desktop'), ('SHLVL', '1'), ('LD_LIBRARY_PATH', '/root/ros2_ws/install/vesc_driver/lib:/root/ros2_ws/install/vesc_ackermann/lib:/root/ros2_ws/install/vesc_msgs/lib:/opt/ros/foxy/opt/yaml_cpp_vendor/lib:/opt/ros/foxy/opt/rviz_ogre_vendor/lib:/opt/ros/foxy/lib/aarch64-linux-gnu:/opt/ros/foxy/lib'), ('HOME', '/root'), ('OLDPWD', '/root/ros2_ws/src'), ('ROS_PYTHON_VERSION', '3'), ('COLCON_PREFIX_PATH', '/root/ros2_ws/install:/root/install'), ('ROS_DISTRO', 'foxy'), ('_', '/usr/bin/colcon'), ('ROS_VERSION', '2'), ('TERM', 'xterm'), ('ROS_LOCALHOST_ONLY', '0'), ('PATH', '/opt/ros/foxy/bin:/usr/local/sbin:/usr/local/bin:/usr/sbin:/usr/bin:/sbin:/bin'), ('DISPLAY', ':0'), ('LANG', 'C.UTF-8'), ('LS_COLORS', 'rs=0:di=01;34:ln=01;36:mh=00:pi=40;33:so=01;35:do=01;35:bd=40;33;01:cd=40;33;01:or=40;31;01:mi=00:su=37;41:sg=30;43:ca=30;41:tw=30;42:ow=34;42:st=37;44:ex=01;32:*.tar=01;31:*.tgz=01;31:*.arc=01;31:*.arj=01;31:*.taz=01;31:*.lha=01;31:*.lz4=01;31:*.lzh=01;31:*.lzma=01;31:*.tlz=01;31:*.txz=01;31:*.tzo=01;31:*.t7z=01;31:*.zip=01;31:*.z=01;31:*.dz=01;31:*.gz=01;31:*.lrz=01;31:*.lz=01;31:*.lzo=01;31:*.xz=01;31:*.zst=01;31:*.tzst=01;31:*.bz2=01;31:*.bz=01;31:*.tbz=01;31:*.tbz2=01;31:*.tz=01;31:*.deb=01;31:*.rpm=01;31:*.jar=01;31:*.war=01;31:*.ear=01;31:*.sar=01;31:*.rar=01;31:*.alz=01;31:*.ace=01;31:*.zoo=01;31:*.cpio=01;31:*.7z=01;31:*.rz=01;31:*.cab=01;31:*.wim=01;31:*.swm=01;31:*.dwm=01;31:*.esd=01;31:*.jpg=01;35:*.jpeg=01;35:*.mjpg=01;35:*.mjpeg=01;35:*.gif=01;35:*.bmp=01;35:*.pbm=01;35:*.pgm=01;35:*.ppm=01;35:*.tga=01;35:*.xbm=01;35:*.xpm=01;35:*.tif=01;35:*.tiff=01;35:*.png=01;35:*.svg=01;35:*.svgz=01;35:*.mng=01;35:*.pcx=01;35:*.mov=01;35:*.mpg=01;35:*.mpeg=01;35:*.m2v=01;35:*.mkv=01;35:*.webm=01;35:*.ogm=01;35:*.mp4=01;35:*.m4v=01;35:*.mp4v=01;35:*.vob=01;35:*.qt=01;35:*.nuv=01;35:*.wmv=01;35:*.asf=01;35:*.rm=01;35:*.rmvb=01;35:*.flc=01;35:*.avi=01;35:*.fli=01;35:*.flv=01;35:*.gl=01;35:*.dl=01;35:*.xcf=01;35:*.xwd=01;35:*.yuv=01;35:*.cgm=01;35:*.emf=01;35:*.ogv=01;35:*.ogx=01;35:*.aac=00;36:*.au=00;36:*.flac=00;36:*.m4a=00;36:*.mid=00;36:*.midi=00;36:*.mka=00;36:*.mp3=00;36:*.mpc=00;36:*.ogg=00;36:*.ra=00;36:*.wav=00;36:*.oga=00;36:*.opus=00;36:*.spx=00;36:*.xspf=00;36:'), ('AMENT_PREFIX_PATH', '/root/ros2_ws/install/vesc:/root/ros2_ws/install/vesc_driver:/root/ros2_ws/install/vesc_ackermann:/root/ros2_ws/install/vesc_msgs:/root/ros2_ws/install/my_f1tenth_pkg:/opt/ros/foxy'), ('PWD', '/root/ros2_ws/build/vesc_msgs'), ('LC_ALL', 'C.UTF-8'), ('PYTHONPATH', '/root/ros2_ws/install/vesc_msgs/lib/python3.8/site-packages:/root/ros2_ws/install/my_f1tenth_pkg/lib/python3.8/site-packages:/opt/ros/foxy/lib/python3.8/site-packages'), ('COLCON', '1'), ('CMAKE_PREFIX_PATH', '/root/ros2_ws/install/vesc:/root/ros2_ws/install/vesc_driver:/root/ros2_ws/install/vesc_ackermann:/root/ros2_ws/install/vesc_msgs:/root/ros2_ws/install/my_f1tenth_pkg:/opt/ros/foxy')]), 'shell': False}
[11.993640] (-) TimerEvent: {}
[12.094487] (-) TimerEvent: {}
[12.167591] (vesc_msgs) StdoutLine: {'line': b'-- Install configuration: ""\n'}
[12.181781] (vesc_msgs) StdoutLine: {'line': b'-- Execute custom install script\n'}
[12.184936] (vesc_msgs) StdoutLine: {'line': b'-- Symlinking: /root/ros2_ws/install/vesc_msgs/share/ament_index/resource_index/rosidl_interfaces/vesc_msgs\n'}
[12.194644] (-) TimerEvent: {}
[12.269324] (vesc_msgs) StdoutLine: {'line': b'-- Symlinking: /root/ros2_ws/install/vesc_msgs/include/vesc_msgs/msg/detail/vesc_imu__functions.h\n'}
[12.294841] (-) TimerEvent: {}
[12.400735] (-) TimerEvent: {}
[12.409289] (vesc_msgs) StdoutLine: {'line': b'-- Symlinking: /root/ros2_ws/install/vesc_msgs/include/vesc_msgs/msg/detail/vesc_imu__struct.h\n'}
[12.509084] (-) TimerEvent: {}
[12.543559] (vesc_msgs) StdoutLine: {'line': b'-- Symlinking: /root/ros2_ws/install/vesc_msgs/include/vesc_msgs/msg/detail/vesc_imu__type_support.h\n'}
[12.587392] (vesc_msgs) StdoutLine: {'line': b'-- Symlinking: /root/ros2_ws/install/vesc_msgs/include/vesc_msgs/msg/detail/vesc_imu_stamped__functions.h\n'}
[12.609262] (-) TimerEvent: {}
[12.664524] (vesc_msgs) StdoutLine: {'line': b'-- Symlinking: /root/ros2_ws/install/vesc_msgs/include/vesc_msgs/msg/detail/vesc_imu_stamped__struct.h\n'}
[12.709445] (-) TimerEvent: {}
[12.771627] (vesc_msgs) StdoutLine: {'line': b'-- Symlinking: /root/ros2_ws/install/vesc_msgs/include/vesc_msgs/msg/detail/vesc_imu_stamped__type_support.h\n'}
[12.776064] (sllidar_ros2) StderrLine: {'line': b'In file included from \x1b[01m\x1b[K/root/ros2_ws/src/sllidar_ros2/./sdk/include/rplidar_protocol.h:36\x1b[m\x1b[K,\n'}
[12.776824] (sllidar_ros2) StderrLine: {'line': b'                 from \x1b[01m\x1b[K/root/ros2_ws/src/sllidar_ros2/./sdk/include/rplidar.h:39\x1b[m\x1b[K,\n'}
[12.777326] (sllidar_ros2) StderrLine: {'line': b'                 from \x1b[01m\x1b[K/root/ros2_ws/src/sllidar_ros2/./sdk/src/sdkcommon.h:49\x1b[m\x1b[K,\n'}
[12.777757] (sllidar_ros2) StderrLine: {'line': b'                 from \x1b[01m\x1b[K/root/ros2_ws/src/sllidar_ros2/sdk/src/arch/linux/net_socket.cpp:10\x1b[m\x1b[K:\n'}
[12.778190] (sllidar_ros2) StderrLine: {'line': b'\x1b[01m\x1b[K/root/ros2_ws/src/sllidar_ros2/./sdk/include/sl_lidar_protocol.h:66:16:\x1b[m\x1b[K \x1b[01;35m\x1b[Kwarning: \x1b[m\x1b[KISO C++ forbids zero-size array \xe2\x80\x98\x1b[01m\x1b[Kdata\x1b[m\x1b[K\xe2\x80\x99 [\x1b[01;35m\x1b[K-Wpedantic\x1b[m\x1b[K]\n'}
[12.778999] (sllidar_ros2) StderrLine: {'line': b'   66 |     sl_u8 data[\x1b[01;35m\x1b[K0\x1b[m\x1b[K];\n'}
[12.779451] (sllidar_ros2) StderrLine: {'line': b'      |                \x1b[01;35m\x1b[K^\x1b[m\x1b[K\n'}
[12.779858] (sllidar_ros2) StderrLine: {'line': b'In file included from \x1b[01m\x1b[K/root/ros2_ws/src/sllidar_ros2/./sdk/include/rplidar_cmd.h:36\x1b[m\x1b[K,\n'}
[12.780244] (sllidar_ros2) StderrLine: {'line': b'                 from \x1b[01m\x1b[K/root/ros2_ws/src/sllidar_ros2/./sdk/include/rplidar.h:40\x1b[m\x1b[K,\n'}
[12.780631] (sllidar_ros2) StderrLine: {'line': b'                 from \x1b[01m\x1b[K/root/ros2_ws/src/sllidar_ros2/./sdk/src/sdkcommon.h:49\x1b[m\x1b[K,\n'}
[12.781162] (sllidar_ros2) StderrLine: {'line': b'                 from \x1b[01m\x1b[K/root/ros2_ws/src/sllidar_ros2/sdk/src/arch/linux/net_socket.cpp:10\x1b[m\x1b[K:\n'}
[12.781601] (sllidar_ros2) StderrLine: {'line': b'\x1b[01m\x1b[K/root/ros2_ws/src/sllidar_ros2/./sdk/include/sl_lidar_cmd.h:324:20:\x1b[m\x1b[K \x1b[01;35m\x1b[Kwarning: \x1b[m\x1b[KISO C++ forbids zero-size array \xe2\x80\x98\x1b[01m\x1b[Kpayload\x1b[m\x1b[K\xe2\x80\x99 [\x1b[01;35m\x1b[K-Wpedantic\x1b[m\x1b[K]\n'}
[12.782066] (sllidar_ros2) StderrLine: {'line': b'  324 |     sl_u8  payload[\x1b[01;35m\x1b[K0\x1b[m\x1b[K];\n'}
[12.782488] (sllidar_ros2) StderrLine: {'line': b'      |                    \x1b[01;35m\x1b[K^\x1b[m\x1b[K\n'}
[12.809633] (-) TimerEvent: {}
[12.859365] (sllidar_ros2) StderrLine: {'line': b'\x1b[01m\x1b[K/root/ros2_ws/src/sllidar_ros2/sdk/src/arch/linux/net_serial.cpp:\x1b[m\x1b[K In member function \xe2\x80\x98\x1b[01m\x1b[Kbool rp::arch::net::raw_serial::open(const char*, uint32_t, uint32_t)\x1b[m\x1b[K\xe2\x80\x99:\n'}
[12.860105] (sllidar_ros2) StderrLine: {'line': b'\x1b[01m\x1b[K/root/ros2_ws/src/sllidar_ros2/sdk/src/arch/linux/net_serial.cpp:97:74:\x1b[m\x1b[K \x1b[01;35m\x1b[Kwarning: \x1b[m\x1b[Kunused parameter \xe2\x80\x98\x1b[01m\x1b[Kflags\x1b[m\x1b[K\xe2\x80\x99 [\x1b[01;35m\x1b[K-Wunused-parameter\x1b[m\x1b[K]\n'}
[12.860575] (sllidar_ros2) StderrLine: {'line': b'   97 | bool raw_serial::open(const char * portname, uint32_t baudrate, \x1b[01;35m\x1b[Kuint32_t flags\x1b[m\x1b[K)\n'}
[12.861075] (sllidar_ros2) StderrLine: {'line': b'      |                                                                 \x1b[01;35m\x1b[K~~~~~~~~~^~~~~\x1b[m\x1b[K\n'}
[12.861990] (sllidar_ros2) StderrLine: {'line': b'\x1b[01m\x1b[K/root/ros2_ws/src/sllidar_ros2/sdk/src/arch/linux/net_serial.cpp:\x1b[m\x1b[K In member function \xe2\x80\x98\x1b[01m\x1b[Kvirtual void rp::arch::net::raw_serial::flush(_u32)\x1b[m\x1b[K\xe2\x80\x99:\n'}
[12.862589] (sllidar_ros2) StderrLine: {'line': b'\x1b[01m\x1b[K/root/ros2_ws/src/sllidar_ros2/sdk/src/arch/linux/net_serial.cpp:281:30:\x1b[m\x1b[K \x1b[01;35m\x1b[Kwarning: \x1b[m\x1b[Kunused parameter \xe2\x80\x98\x1b[01m\x1b[Kflags\x1b[m\x1b[K\xe2\x80\x99 [\x1b[01;35m\x1b[K-Wunused-parameter\x1b[m\x1b[K]\n'}
[12.863085] (sllidar_ros2) StderrLine: {'line': b'  281 | void raw_serial::flush( \x1b[01;35m\x1b[K_u32 flags\x1b[m\x1b[K)\n'}
[12.863518] (sllidar_ros2) StderrLine: {'line': b'      |                         \x1b[01;35m\x1b[K~~~~~^~~~~\x1b[m\x1b[K\n'}
[12.864266] (sllidar_ros2) StderrLine: {'line': b'\x1b[01m\x1b[K/root/ros2_ws/src/sllidar_ros2/sdk/src/arch/linux/net_serial.cpp:\x1b[m\x1b[K In member function \xe2\x80\x98\x1b[01m\x1b[Kvirtual int rp::arch::net::raw_serial::waitforsent(_u32, size_t*)\x1b[m\x1b[K\xe2\x80\x99:\n'}
[12.864742] (sllidar_ros2) StderrLine: {'line': b'\x1b[01m\x1b[K/root/ros2_ws/src/sllidar_ros2/sdk/src/arch/linux/net_serial.cpp:286:34:\x1b[m\x1b[K \x1b[01;35m\x1b[Kwarning: \x1b[m\x1b[Kunused parameter \xe2\x80\x98\x1b[01m\x1b[Ktimeout\x1b[m\x1b[K\xe2\x80\x99 [\x1b[01;35m\x1b[K-Wunused-parameter\x1b[m\x1b[K]\n'}
[12.865284] (sllidar_ros2) StderrLine: {'line': b'  286 | int raw_serial::waitforsent(\x1b[01;35m\x1b[K_u32 timeout\x1b[m\x1b[K, size_t * returned_size)\n'}
[12.865740] (sllidar_ros2) StderrLine: {'line': b'      |                             \x1b[01;35m\x1b[K~~~~~^~~~~~~\x1b[m\x1b[K\n'}
[12.866212] (sllidar_ros2) StderrLine: {'line': b'\x1b[01m\x1b[K/root/ros2_ws/src/sllidar_ros2/sdk/src/arch/linux/net_serial.cpp:\x1b[m\x1b[K In member function \xe2\x80\x98\x1b[01m\x1b[Kvirtual int rp::arch::net::raw_serial::waitforrecv(_u32, size_t*)\x1b[m\x1b[K\xe2\x80\x99:\n'}
[12.866692] (sllidar_ros2) StderrLine: {'line': b'\x1b[01m\x1b[K/root/ros2_ws/src/sllidar_ros2/sdk/src/arch/linux/net_serial.cpp:292:34:\x1b[m\x1b[K \x1b[01;35m\x1b[Kwarning: \x1b[m\x1b[Kunused parameter \xe2\x80\x98\x1b[01m\x1b[Ktimeout\x1b[m\x1b[K\xe2\x80\x99 [\x1b[01;35m\x1b[K-Wunused-parameter\x1b[m\x1b[K]\n'}
[12.867161] (sllidar_ros2) StderrLine: {'line': b'  292 | int raw_serial::waitforrecv(\x1b[01;35m\x1b[K_u32 timeout\x1b[m\x1b[K, size_t * returned_size)\n'}
[12.867640] (sllidar_ros2) StderrLine: {'line': b'      |                             \x1b[01;35m\x1b[K~~~~~^~~~~~~\x1b[m\x1b[K\n'}
[12.880949] (vesc_msgs) StdoutLine: {'line': b'-- Symlinking: /root/ros2_ws/install/vesc_msgs/include/vesc_msgs/msg/detail/vesc_state__functions.h\n'}
[12.881656] (sllidar_ros2) StderrLine: {'line': b'\x1b[01m\x1b[K/root/ros2_ws/src/sllidar_ros2/sdk/src/arch/linux/net_serial.cpp:\x1b[m\x1b[K In member function \xe2\x80\x98\x1b[01m\x1b[Kvirtual void rp::arch::net::raw_serial::cancelOperation()\x1b[m\x1b[K\xe2\x80\x99:\n'}
[12.882162] (sllidar_ros2) StderrLine: {'line': b'\x1b[01m\x1b[K/root/ros2_ws/src/sllidar_ros2/sdk/src/arch/linux/net_serial.cpp:427:5:\x1b[m\x1b[K \x1b[01;35m\x1b[Kwarning: \x1b[m\x1b[Kvalue computed is not used [\x1b[01;35m\x1b[K-Wunused-value\x1b[m\x1b[K]\n'}
[12.882647] (sllidar_ros2) StderrLine: {'line': b'  427 |     \x1b[01;35m\x1b[K(int)::write(_selfpipe[1], "x", 1)\x1b[m\x1b[K;\n'}
[12.883170] (sllidar_ros2) StderrLine: {'line': b'      |     \x1b[01;35m\x1b[K^~~~~~~~~~~~~~~~~~~~~~~~~~~~~~~~~~\x1b[m\x1b[K\n'}
[12.910862] (-) TimerEvent: {}
[12.982510] (vesc_msgs) StdoutLine: {'line': b'-- Symlinking: /root/ros2_ws/install/vesc_msgs/include/vesc_msgs/msg/detail/vesc_state__struct.h\n'}
[13.011054] (-) TimerEvent: {}
[13.080394] (vesc_msgs) StdoutLine: {'line': b'-- Symlinking: /root/ros2_ws/install/vesc_msgs/include/vesc_msgs/msg/detail/vesc_state__type_support.h\n'}
[13.111249] (-) TimerEvent: {}
[13.113979] (sllidar_ros2) StderrLine: {'line': b'In file included from \x1b[01m\x1b[K/root/ros2_ws/src/sllidar_ros2/./sdk/src/arch/linux/arch_linux.h:42\x1b[m\x1b[K,\n'}
[13.114653] (sllidar_ros2) StderrLine: {'line': b'                 from \x1b[01m\x1b[K/root/ros2_ws/src/sllidar_ros2/./sdk/src/sdkcommon.h:41\x1b[m\x1b[K,\n'}
[13.115107] (sllidar_ros2) StderrLine: {'line': b'                 from \x1b[01m\x1b[K/root/ros2_ws/src/sllidar_ros2/sdk/src/arch/linux/net_socket.cpp:10\x1b[m\x1b[K:\n'}
[13.115562] (sllidar_ros2) StderrLine: {'line': b'\x1b[01m\x1b[K/root/ros2_ws/src/sllidar_ros2/sdk/src/arch/linux/net_socket.cpp:\x1b[m\x1b[K In member function \xe2\x80\x98\x1b[01m\x1b[Kvirtual u_result rp::arch::net::DGramSocketImpl::sendTo(const rp::net::SocketAddress*, const void*, size_t)\x1b[m\x1b[K\xe2\x80\x99:\n'}
[13.116034] (sllidar_ros2) StderrLine: {'line': b'\x1b[01m\x1b[K/root/ros2_ws/src/sllidar_ros2/sdk/src/arch/linux/net_socket.cpp:733:24:\x1b[m\x1b[K \x1b[01;35m\x1b[Kwarning: \x1b[m\x1b[Kcomparison of integer expressions of different signedness: \xe2\x80\x98\x1b[01m\x1b[Kint\x1b[m\x1b[K\xe2\x80\x99 and \xe2\x80\x98\x1b[01m\x1b[Ksize_t\x1b[m\x1b[K\xe2\x80\x99 {aka \xe2\x80\x98\x1b[01m\x1b[Klong unsigned int\x1b[m\x1b[K\xe2\x80\x99} [\x1b[01;35m\x1b[K-Wsign-compare\x1b[m\x1b[K]\n'}
[13.116505] (sllidar_ros2) StderrLine: {'line': b'  733 |             assert(\x1b[01;35m\x1b[Kans == len\x1b[m\x1b[K);\n'}
[13.117043] (sllidar_ros2) StderrLine: {'line': b'      |                    \x1b[01;35m\x1b[K~~~~^~~~~~\x1b[m\x1b[K\n'}
[13.129492] (vesc_msgs) StdoutLine: {'line': b'-- Symlinking: /root/ros2_ws/install/vesc_msgs/include/vesc_msgs/msg/detail/vesc_state_stamped__functions.h\n'}
[13.220959] (-) TimerEvent: {}
[13.324577] (-) TimerEvent: {}
[13.331098] (vesc_msgs) StdoutLine: {'line': b'-- Symlinking: /root/ros2_ws/install/vesc_msgs/include/vesc_msgs/msg/detail/vesc_state_stamped__struct.h\n'}
[13.424813] (-) TimerEvent: {}
[13.442148] (vesc_msgs) StdoutLine: {'line': b'-- Symlinking: /root/ros2_ws/install/vesc_msgs/include/vesc_msgs/msg/detail/vesc_state_stamped__type_support.h\n'}
[13.528923] (-) TimerEvent: {}
[13.558497] (vesc_msgs) StdoutLine: {'line': b'-- Symlinking: /root/ros2_ws/install/vesc_msgs/include/vesc_msgs/msg/rosidl_generator_c__visibility_control.h\n'}
[13.629105] (-) TimerEvent: {}
[13.662938] (sllidar_ros2) StdoutLine: {'line': b'[ 25%] \x1b[32mBuilding CXX object CMakeFiles/sllidar_node.dir/sdk/src/arch/linux/timer.cpp.o\x1b[0m\n'}
[13.684944] (vesc_msgs) StdoutLine: {'line': b'-- Symlinking: /root/ros2_ws/install/vesc_msgs/include/vesc_msgs/msg/vesc_imu.h\n'}
[13.729298] (-) TimerEvent: {}
[13.762521] (vesc_msgs) StdoutLine: {'line': b'-- Symlinking: /root/ros2_ws/install/vesc_msgs/include/vesc_msgs/msg/vesc_imu_stamped.h\n'}
[13.829492] (-) TimerEvent: {}
[13.844949] (vesc_msgs) StdoutLine: {'line': b'-- Symlinking: /root/ros2_ws/install/vesc_msgs/include/vesc_msgs/msg/vesc_state.h\n'}
[13.930040] (-) TimerEvent: {}
[13.935212] (vesc_msgs) StdoutLine: {'line': b'-- Symlinking: /root/ros2_ws/install/vesc_msgs/include/vesc_msgs/msg/vesc_state_stamped.h\n'}
[14.022400] (sllidar_ros2) StdoutLine: {'line': b'[ 30%] \x1b[32mBuilding CXX object CMakeFiles/sllidar_node.dir/sdk/src/dataunpacker/dataunpacker.cpp.o\x1b[0m\n'}
[14.030228] (-) TimerEvent: {}
[14.033869] (vesc_msgs) StdoutLine: {'line': b'-- Symlinking: /root/ros2_ws/install/vesc_msgs/share/vesc_msgs/environment/library_path.sh\n'}
[14.122950] (vesc_msgs) StdoutLine: {'line': b'-- Symlinking: /root/ros2_ws/install/vesc_msgs/share/vesc_msgs/environment/library_path.dsv\n'}
[14.130418] (-) TimerEvent: {}
[14.221704] (vesc_msgs) StdoutLine: {'line': b'-- Symlinking: /root/ros2_ws/install/vesc_msgs/include/vesc_msgs/msg/detail/vesc_imu__rosidl_typesupport_fastrtps_c.h\n'}
[14.230609] (-) TimerEvent: {}
[14.332138] (vesc_msgs) StdoutLine: {'line': b'-- Symlinking: /root/ros2_ws/install/vesc_msgs/include/vesc_msgs/msg/detail/vesc_imu_stamped__rosidl_typesupport_fastrtps_c.h\n'}
[14.332911] (-) TimerEvent: {}
[14.424408] (vesc_msgs) StdoutLine: {'line': b'-- Symlinking: /root/ros2_ws/install/vesc_msgs/include/vesc_msgs/msg/detail/vesc_state__rosidl_typesupport_fastrtps_c.h\n'}
[14.440896] (-) TimerEvent: {}
[14.523115] (vesc_msgs) StdoutLine: {'line': b'-- Symlinking: /root/ros2_ws/install/vesc_msgs/include/vesc_msgs/msg/detail/vesc_state_stamped__rosidl_typesupport_fastrtps_c.h\n'}
[14.541070] (-) TimerEvent: {}
[14.621164] (vesc_msgs) StdoutLine: {'line': b'-- Symlinking: /root/ros2_ws/install/vesc_msgs/include/vesc_msgs/msg/rosidl_typesupport_fastrtps_c__visibility_control.h\n'}
[14.641250] (-) TimerEvent: {}
[14.720962] (vesc_msgs) StdoutLine: {'line': b'-- Symlinking: /root/ros2_ws/install/vesc_msgs/lib/libvesc_msgs__rosidl_typesupport_fastrtps_c.so\n'}
[14.741440] (-) TimerEvent: {}
[14.824509] (vesc_msgs) StdoutLine: {'line': b'-- Symlinking: /root/ros2_ws/install/vesc_msgs/include/vesc_msgs/msg/detail/vesc_imu__rosidl_typesupport_fastrtps_cpp.hpp\n'}
[14.841624] (-) TimerEvent: {}
[14.942438] (-) TimerEvent: {}
[14.978424] (vesc_msgs) StdoutLine: {'line': b'-- Symlinking: /root/ros2_ws/install/vesc_msgs/include/vesc_msgs/msg/detail/vesc_imu_stamped__rosidl_typesupport_fastrtps_cpp.hpp\n'}
[15.042633] (-) TimerEvent: {}
[15.069073] (vesc_msgs) StdoutLine: {'line': b'-- Symlinking: /root/ros2_ws/install/vesc_msgs/include/vesc_msgs/msg/detail/vesc_state__rosidl_typesupport_fastrtps_cpp.hpp\n'}
[15.142815] (-) TimerEvent: {}
[15.154881] (vesc_msgs) StdoutLine: {'line': b'-- Symlinking: /root/ros2_ws/install/vesc_msgs/include/vesc_msgs/msg/detail/vesc_state_stamped__rosidl_typesupport_fastrtps_cpp.hpp\n'}
[15.250402] (-) TimerEvent: {}
[15.270579] (vesc_msgs) StdoutLine: {'line': b'-- Symlinking: /root/ros2_ws/install/vesc_msgs/include/vesc_msgs/msg/rosidl_typesupport_fastrtps_cpp__visibility_control.h\n'}
[15.350699] (-) TimerEvent: {}
[15.388570] (vesc_msgs) StdoutLine: {'line': b'-- Symlinking: /root/ros2_ws/install/vesc_msgs/lib/libvesc_msgs__rosidl_typesupport_fastrtps_cpp.so\n'}
[15.450877] (-) TimerEvent: {}
[15.490938] (vesc_msgs) StdoutLine: {'line': b'-- Symlinking: /root/ros2_ws/install/vesc_msgs/include/vesc_msgs/msg/detail/vesc_imu__rosidl_typesupport_introspection_c.h\n'}
[15.551064] (-) TimerEvent: {}
[15.587286] (vesc_msgs) StdoutLine: {'line': b'-- Symlinking: /root/ros2_ws/install/vesc_msgs/include/vesc_msgs/msg/detail/vesc_imu_stamped__rosidl_typesupport_introspection_c.h\n'}
[15.664936] (-) TimerEvent: {}
[15.684469] (vesc_msgs) StdoutLine: {'line': b'-- Symlinking: /root/ros2_ws/install/vesc_msgs/include/vesc_msgs/msg/detail/vesc_state__rosidl_typesupport_introspection_c.h\n'}
[15.766399] (-) TimerEvent: {}
[15.768482] (vesc_msgs) StdoutLine: {'line': b'-- Symlinking: /root/ros2_ws/install/vesc_msgs/include/vesc_msgs/msg/detail/vesc_state_stamped__rosidl_typesupport_introspection_c.h\n'}
[15.780545] (sllidar_ros2) StdoutLine: {'line': b'[ 35%] \x1b[32mBuilding CXX object CMakeFiles/sllidar_node.dir/sdk/src/dataunpacker/unpacker/handler_capsules.cpp.o\x1b[0m\n'}
[15.828654] (vesc_msgs) StdoutLine: {'line': b'-- Symlinking: /root/ros2_ws/install/vesc_msgs/include/vesc_msgs/msg/rosidl_typesupport_introspection_c__visibility_control.h\n'}
[15.866434] (-) TimerEvent: {}
[15.908184] (vesc_msgs) StdoutLine: {'line': b'-- Symlinking: /root/ros2_ws/install/vesc_msgs/include/vesc_msgs/msg/detail/vesc_imu__builder.hpp\n'}
[15.966618] (-) TimerEvent: {}
[15.991881] (vesc_msgs) StdoutLine: {'line': b'-- Symlinking: /root/ros2_ws/install/vesc_msgs/include/vesc_msgs/msg/detail/vesc_imu__struct.hpp\n'}
[16.029142] (sllidar_ros2) StderrLine: {'line': b'In file included from \x1b[01m\x1b[K/root/ros2_ws/src/sllidar_ros2/./sdk/include/rplidar_protocol.h:36\x1b[m\x1b[K,\n'}
[16.029807] (sllidar_ros2) StderrLine: {'line': b'                 from \x1b[01m\x1b[K/root/ros2_ws/src/sllidar_ros2/./sdk/include/rplidar.h:39\x1b[m\x1b[K,\n'}
[16.030255] (sllidar_ros2) StderrLine: {'line': b'                 from \x1b[01m\x1b[K/root/ros2_ws/src/sllidar_ros2/./sdk/src/sdkcommon.h:49\x1b[m\x1b[K,\n'}
[16.030687] (sllidar_ros2) StderrLine: {'line': b'                 from \x1b[01m\x1b[K/root/ros2_ws/src/sllidar_ros2/sdk/src/dataunpacker/dataunnpacker_commondef.h:41\x1b[m\x1b[K,\n'}
[16.031097] (sllidar_ros2) StderrLine: {'line': b'                 from \x1b[01m\x1b[K/root/ros2_ws/src/sllidar_ros2/sdk/src/dataunpacker/dataunpacker.cpp:39\x1b[m\x1b[K:\n'}
[16.031503] (sllidar_ros2) StderrLine: {'line': b'\x1b[01m\x1b[K/root/ros2_ws/src/sllidar_ros2/./sdk/include/sl_lidar_protocol.h:66:16:\x1b[m\x1b[K \x1b[01;35m\x1b[Kwarning: \x1b[m\x1b[KISO C++ forbids zero-size array \xe2\x80\x98\x1b[01m\x1b[Kdata\x1b[m\x1b[K\xe2\x80\x99 [\x1b[01;35m\x1b[K-Wpedantic\x1b[m\x1b[K]\n'}
[16.031940] (sllidar_ros2) StderrLine: {'line': b'   66 |     sl_u8 data[\x1b[01;35m\x1b[K0\x1b[m\x1b[K];\n'}
[16.032338] (sllidar_ros2) StderrLine: {'line': b'      |                \x1b[01;35m\x1b[K^\x1b[m\x1b[K\n'}
[16.033264] (sllidar_ros2) StderrLine: {'line': b'In file included from \x1b[01m\x1b[K/root/ros2_ws/src/sllidar_ros2/./sdk/include/rplidar_cmd.h:36\x1b[m\x1b[K,\n'}
[16.033782] (sllidar_ros2) StderrLine: {'line': b'                 from \x1b[01m\x1b[K/root/ros2_ws/src/sllidar_ros2/./sdk/include/rplidar.h:40\x1b[m\x1b[K,\n'}
[16.034199] (sllidar_ros2) StderrLine: {'line': b'                 from \x1b[01m\x1b[K/root/ros2_ws/src/sllidar_ros2/./sdk/src/sdkcommon.h:49\x1b[m\x1b[K,\n'}
[16.034611] (sllidar_ros2) StderrLine: {'line': b'                 from \x1b[01m\x1b[K/root/ros2_ws/src/sllidar_ros2/sdk/src/dataunpacker/dataunnpacker_commondef.h:41\x1b[m\x1b[K,\n'}
[16.035301] (sllidar_ros2) StderrLine: {'line': b'                 from \x1b[01m\x1b[K/root/ros2_ws/src/sllidar_ros2/sdk/src/dataunpacker/dataunpacker.cpp:39\x1b[m\x1b[K:\n'}
[16.035792] (sllidar_ros2) StderrLine: {'line': b'\x1b[01m\x1b[K/root/ros2_ws/src/sllidar_ros2/./sdk/include/sl_lidar_cmd.h:324:20:\x1b[m\x1b[K \x1b[01;35m\x1b[Kwarning: \x1b[m\x1b[KISO C++ forbids zero-size array \xe2\x80\x98\x1b[01m\x1b[Kpayload\x1b[m\x1b[K\xe2\x80\x99 [\x1b[01;35m\x1b[K-Wpedantic\x1b[m\x1b[K]\n'}
[16.036252] (sllidar_ros2) StderrLine: {'line': b'  324 |     sl_u8  payload[\x1b[01;35m\x1b[K0\x1b[m\x1b[K];\n'}
[16.036675] (sllidar_ros2) StderrLine: {'line': b'      |                    \x1b[01;35m\x1b[K^\x1b[m\x1b[K\n'}
[16.066799] (-) TimerEvent: {}
[16.080456] (vesc_msgs) StdoutLine: {'line': b'-- Symlinking: /root/ros2_ws/install/vesc_msgs/include/vesc_msgs/msg/detail/vesc_imu__traits.hpp\n'}
[16.166994] (-) TimerEvent: {}
[16.178756] (vesc_msgs) StdoutLine: {'line': b'-- Symlinking: /root/ros2_ws/install/vesc_msgs/include/vesc_msgs/msg/detail/vesc_imu__type_support.hpp\n'}
[16.251027] (vesc_msgs) StdoutLine: {'line': b'-- Symlinking: /root/ros2_ws/install/vesc_msgs/include/vesc_msgs/msg/detail/vesc_imu_stamped__builder.hpp\n'}
[16.267173] (-) TimerEvent: {}
[16.348688] (vesc_msgs) StdoutLine: {'line': b'-- Symlinking: /root/ros2_ws/install/vesc_msgs/include/vesc_msgs/msg/detail/vesc_imu_stamped__struct.hpp\n'}
[16.367372] (-) TimerEvent: {}
[16.469734] (-) TimerEvent: {}
[16.479286] (vesc_msgs) StdoutLine: {'line': b'-- Symlinking: /root/ros2_ws/install/vesc_msgs/include/vesc_msgs/msg/detail/vesc_imu_stamped__traits.hpp\n'}
[16.535236] (vesc_msgs) StdoutLine: {'line': b'-- Symlinking: /root/ros2_ws/install/vesc_msgs/include/vesc_msgs/msg/detail/vesc_imu_stamped__type_support.hpp\n'}
[16.570377] (-) TimerEvent: {}
[16.622497] (vesc_msgs) StdoutLine: {'line': b'-- Symlinking: /root/ros2_ws/install/vesc_msgs/include/vesc_msgs/msg/detail/vesc_state__builder.hpp\n'}
[16.672922] (-) TimerEvent: {}
[16.718231] (vesc_msgs) StdoutLine: {'line': b'-- Symlinking: /root/ros2_ws/install/vesc_msgs/include/vesc_msgs/msg/detail/vesc_state__struct.hpp\n'}
[16.773108] (-) TimerEvent: {}
[16.816248] (sllidar_ros2) StderrLine: {'line': b'In file included from \x1b[01m\x1b[K/root/ros2_ws/src/sllidar_ros2/sdk/src/dataunpacker/dataunpacker.cpp:40\x1b[m\x1b[K:\n'}
[16.816955] (sllidar_ros2) StderrLine: {'line': b'\x1b[01m\x1b[K/root/ros2_ws/src/sllidar_ros2/sdk/src/dataunpacker/dataunpacker.h:\x1b[m\x1b[K In member function \xe2\x80\x98\x1b[01m\x1b[Kvirtual void sl::internal::LIDARSampleDataListener::onCustomSampleDataDecoded(_u8, _u32, const void*, size_t)\x1b[m\x1b[K\xe2\x80\x99:\n'}
[16.817914] (sllidar_ros2) StderrLine: {'line': b'\x1b[01m\x1b[K/root/ros2_ws/src/sllidar_ros2/sdk/src/dataunpacker/dataunpacker.h:54:45:\x1b[m\x1b[K \x1b[01;35m\x1b[Kwarning: \x1b[m\x1b[Kunused parameter \xe2\x80\x98\x1b[01m\x1b[KansType\x1b[m\x1b[K\xe2\x80\x99 [\x1b[01;35m\x1b[K-Wunused-parameter\x1b[m\x1b[K]\n'}
[16.818439] (sllidar_ros2) StderrLine: {'line': b'   54 |  virtual void onCustomSampleDataDecoded(\x1b[01;35m\x1b[K_u8 ansType\x1b[m\x1b[K, _u32 customCode, const void* data, size_t size) {}\n'}
[16.818908] (sllidar_ros2) StderrLine: {'line': b'      |                                         \x1b[01;35m\x1b[K~~~~^~~~~~~\x1b[m\x1b[K\n'}
[16.819381] (sllidar_ros2) StderrLine: {'line': b'\x1b[01m\x1b[K/root/ros2_ws/src/sllidar_ros2/sdk/src/dataunpacker/dataunpacker.h:54:59:\x1b[m\x1b[K \x1b[01;35m\x1b[Kwarning: \x1b[m\x1b[Kunused parameter \xe2\x80\x98\x1b[01m\x1b[KcustomCode\x1b[m\x1b[K\xe2\x80\x99 [\x1b[01;35m\x1b[K-Wunused-parameter\x1b[m\x1b[K]\n'}
[16.819887] (sllidar_ros2) StderrLine: {'line': b'   54 |  virtual void onCustomSampleDataDecoded(_u8 ansType, \x1b[01;35m\x1b[K_u32 customCode\x1b[m\x1b[K, const void* data, size_t size) {}\n'}
[16.820883] (sllidar_ros2) StderrLine: {'line': b'      |                                                      \x1b[01;35m\x1b[K~~~~~^~~~~~~~~~\x1b[m\x1b[K\n'}
[16.821427] (sllidar_ros2) StderrLine: {'line': b'\x1b[01m\x1b[K/root/ros2_ws/src/sllidar_ros2/sdk/src/dataunpacker/dataunpacker.h:54:83:\x1b[m\x1b[K \x1b[01;35m\x1b[Kwarning: \x1b[m\x1b[Kunused parameter \xe2\x80\x98\x1b[01m\x1b[Kdata\x1b[m\x1b[K\xe2\x80\x99 [\x1b[01;35m\x1b[K-Wunused-parameter\x1b[m\x1b[K]\n'}
[16.821943] (sllidar_ros2) StderrLine: {'line': b'   54 |  virtual void onCustomSampleDataDecoded(_u8 ansType, _u32 customCode, \x1b[01;35m\x1b[Kconst void* data\x1b[m\x1b[K, size_t size) {}\n'}
[16.822421] (sllidar_ros2) StderrLine: {'line': b'      |                                                                       \x1b[01;35m\x1b[K~~~~~~~~~~~~^~~~\x1b[m\x1b[K\n'}
[16.822886] (sllidar_ros2) StderrLine: {'line': b'\x1b[01m\x1b[K/root/ros2_ws/src/sllidar_ros2/sdk/src/dataunpacker/dataunpacker.h:54:96:\x1b[m\x1b[K \x1b[01;35m\x1b[Kwarning: \x1b[m\x1b[Kunused parameter \xe2\x80\x98\x1b[01m\x1b[Ksize\x1b[m\x1b[K\xe2\x80\x99 [\x1b[01;35m\x1b[K-Wunused-parameter\x1b[m\x1b[K]\n'}
[16.823402] (sllidar_ros2) StderrLine: {'line': b'   54 |  virtual void onCustomSampleDataDecoded(_u8 ansType, _u32 customCode, const void* data, \x1b[01;35m\x1b[Ksize_t size\x1b[m\x1b[K) {}\n'}
[16.823902] (sllidar_ros2) StderrLine: {'line': b'      |                                                                                         \x1b[01;35m\x1b[K~~~~~~~^~~~\x1b[m\x1b[K\n'}
[16.824374] (sllidar_ros2) StderrLine: {'line': b'\x1b[01m\x1b[K/root/ros2_ws/src/sllidar_ros2/sdk/src/dataunpacker/dataunpacker.h:\x1b[m\x1b[K In member function \xe2\x80\x98\x1b[01m\x1b[Kvirtual void sl::internal::LIDARSampleDataListener::onDecodingError(int, _u8, const void*, size_t)\x1b[m\x1b[K\xe2\x80\x99:\n'}
[16.824906] (sllidar_ros2) StderrLine: {'line': b'\x1b[01m\x1b[K/root/ros2_ws/src/sllidar_ros2/sdk/src/dataunpacker/dataunpacker.h:56:35:\x1b[m\x1b[K \x1b[01;35m\x1b[Kwarning: \x1b[m\x1b[Kunused parameter \xe2\x80\x98\x1b[01m\x1b[KerrMsg\x1b[m\x1b[K\xe2\x80\x99 [\x1b[01;35m\x1b[K-Wunused-parameter\x1b[m\x1b[K]\n'}
[16.825463] (sllidar_ros2) StderrLine: {'line': b'   56 |  virtual void onDecodingError(\x1b[01;35m\x1b[Kint errMsg\x1b[m\x1b[K, _u8 ansType, const void* payload, size_t size) {}\n'}
[16.825979] (sllidar_ros2) StderrLine: {'line': b'      |                               \x1b[01;35m\x1b[K~~~~^~~~~~\x1b[m\x1b[K\n'}
[16.826483] (sllidar_ros2) StderrLine: {'line': b'\x1b[01m\x1b[K/root/ros2_ws/src/sllidar_ros2/sdk/src/dataunpacker/dataunpacker.h:56:47:\x1b[m\x1b[K \x1b[01;35m\x1b[Kwarning: \x1b[m\x1b[Kunused parameter \xe2\x80\x98\x1b[01m\x1b[KansType\x1b[m\x1b[K\xe2\x80\x99 [\x1b[01;35m\x1b[K-Wunused-parameter\x1b[m\x1b[K]\n'}
[16.827062] (sllidar_ros2) StderrLine: {'line': b'   56 |  virtual void onDecodingError(int errMsg, \x1b[01;35m\x1b[K_u8 ansType\x1b[m\x1b[K, const void* payload, size_t size) {}\n'}
[16.827598] (sllidar_ros2) StderrLine: {'line': b'      |                                           \x1b[01;35m\x1b[K~~~~^~~~~~~\x1b[m\x1b[K\n'}
[16.828093] (sllidar_ros2) StderrLine: {'line': b'\x1b[01m\x1b[K/root/ros2_ws/src/sllidar_ros2/sdk/src/dataunpacker/dataunpacker.h:56:68:\x1b[m\x1b[K \x1b[01;35m\x1b[Kwarning: \x1b[m\x1b[Kunused parameter \xe2\x80\x98\x1b[01m\x1b[Kpayload\x1b[m\x1b[K\xe2\x80\x99 [\x1b[01;35m\x1b[K-Wunused-parameter\x1b[m\x1b[K]\n'}
[16.828596] (sllidar_ros2) StderrLine: {'line': b'   56 |  virtual void onDecodingError(int errMsg, _u8 ansType, \x1b[01;35m\x1b[Kconst void* payload\x1b[m\x1b[K, size_t size) {}\n'}
[16.836620] (sllidar_ros2) StderrLine: {'line': b'      |                                                        \x1b[01;35m\x1b[K~~~~~~~~~~~~^~~~~~~\x1b[m\x1b[K\n'}
[16.837266] (sllidar_ros2) StderrLine: {'line': b'\x1b[01m\x1b[K/root/ros2_ws/src/sllidar_ros2/sdk/src/dataunpacker/dataunpacker.h:56:84:\x1b[m\x1b[K \x1b[01;35m\x1b[Kwarning: \x1b[m\x1b[Kunused parameter \xe2\x80\x98\x1b[01m\x1b[Ksize\x1b[m\x1b[K\xe2\x80\x99 [\x1b[01;35m\x1b[K-Wunused-parameter\x1b[m\x1b[K]\n'}
[16.837755] (sllidar_ros2) StderrLine: {'line': b'   56 |  virtual void onDecodingError(int errMsg, _u8 ansType, const void* payload, \x1b[01;35m\x1b[Ksize_t size\x1b[m\x1b[K) {}\n'}
[16.838187] (sllidar_ros2) StderrLine: {'line': b'      |                                                                             \x1b[01;35m\x1b[K~~~~~~~^~~~\x1b[m\x1b[K\n'}
[16.838601] (vesc_msgs) StdoutLine: {'line': b'-- Symlinking: /root/ros2_ws/install/vesc_msgs/include/vesc_msgs/msg/detail/vesc_state__traits.hpp\n'}
[16.873291] (-) TimerEvent: {}
[16.975844] (-) TimerEvent: {}
[17.001890] (vesc_msgs) StdoutLine: {'line': b'-- Symlinking: /root/ros2_ws/install/vesc_msgs/include/vesc_msgs/msg/detail/vesc_state__type_support.hpp\n'}
[17.080819] (-) TimerEvent: {}
[17.122772] (vesc_msgs) StdoutLine: {'line': b'-- Symlinking: /root/ros2_ws/install/vesc_msgs/include/vesc_msgs/msg/detail/vesc_state_stamped__builder.hpp\n'}
[17.180967] (-) TimerEvent: {}
[17.224453] (vesc_msgs) StdoutLine: {'line': b'-- Symlinking: /root/ros2_ws/install/vesc_msgs/include/vesc_msgs/msg/detail/vesc_state_stamped__struct.hpp\n'}
[17.281165] (-) TimerEvent: {}
[17.314683] (vesc_msgs) StdoutLine: {'line': b'-- Symlinking: /root/ros2_ws/install/vesc_msgs/include/vesc_msgs/msg/detail/vesc_state_stamped__traits.hpp\n'}
[17.381336] (-) TimerEvent: {}
[17.406705] (vesc_msgs) StdoutLine: {'line': b'-- Symlinking: /root/ros2_ws/install/vesc_msgs/include/vesc_msgs/msg/detail/vesc_state_stamped__type_support.hpp\n'}
[17.481529] (-) TimerEvent: {}
[17.497644] (vesc_msgs) StdoutLine: {'line': b'-- Symlinking: /root/ros2_ws/install/vesc_msgs/include/vesc_msgs/msg/rosidl_generator_cpp__visibility_control.hpp\n'}
[17.552043] (vesc_msgs) StdoutLine: {'line': b'-- Symlinking: /root/ros2_ws/install/vesc_msgs/include/vesc_msgs/msg/vesc_imu.hpp\n'}
[17.581717] (-) TimerEvent: {}
[17.599024] (vesc_msgs) StdoutLine: {'line': b'-- Symlinking: /root/ros2_ws/install/vesc_msgs/include/vesc_msgs/msg/vesc_imu_stamped.hpp\n'}
[17.681912] (-) TimerEvent: {}
[17.689339] (vesc_msgs) StdoutLine: {'line': b'-- Symlinking: /root/ros2_ws/install/vesc_msgs/include/vesc_msgs/msg/vesc_state.hpp\n'}
[17.783552] (vesc_msgs) StdoutLine: {'line': b'-- Symlinking: /root/ros2_ws/install/vesc_msgs/include/vesc_msgs/msg/vesc_state_stamped.hpp\n'}
[17.784257] (-) TimerEvent: {}
[17.884976] (-) TimerEvent: {}
[17.931055] (vesc_msgs) StdoutLine: {'line': b'-- Symlinking: /root/ros2_ws/install/vesc_msgs/include/vesc_msgs/msg/detail/vesc_imu__rosidl_typesupport_introspection_cpp.hpp\n'}
[17.985150] (-) TimerEvent: {}
[18.012246] (vesc_msgs) StdoutLine: {'line': b'-- Symlinking: /root/ros2_ws/install/vesc_msgs/include/vesc_msgs/msg/detail/vesc_imu_stamped__rosidl_typesupport_introspection_cpp.hpp\n'}
[18.085341] (-) TimerEvent: {}
[18.094462] (sllidar_ros2) StderrLine: {'line': b'In file included from \x1b[01m\x1b[K/root/ros2_ws/src/sllidar_ros2/./sdk/include/rplidar_protocol.h:36\x1b[m\x1b[K,\n'}
[18.095490] (sllidar_ros2) StderrLine: {'line': b'                 from \x1b[01m\x1b[K/root/ros2_ws/src/sllidar_ros2/./sdk/include/rplidar.h:39\x1b[m\x1b[K,\n'}
[18.096026] (sllidar_ros2) StderrLine: {'line': b'                 from \x1b[01m\x1b[K/root/ros2_ws/src/sllidar_ros2/./sdk/src/sdkcommon.h:49\x1b[m\x1b[K,\n'}
[18.096499] (sllidar_ros2) StderrLine: {'line': b'                 from \x1b[01m\x1b[K/root/ros2_ws/src/sllidar_ros2/sdk/src/dataunpacker/unpacker/../dataunnpacker_commondef.h:41\x1b[m\x1b[K,\n'}
[18.097043] (sllidar_ros2) StderrLine: {'line': b'                 from \x1b[01m\x1b[K/root/ros2_ws/src/sllidar_ros2/sdk/src/dataunpacker/unpacker/handler_capsules.cpp:39\x1b[m\x1b[K:\n'}
[18.098119] (sllidar_ros2) StderrLine: {'line': b'\x1b[01m\x1b[K/root/ros2_ws/src/sllidar_ros2/./sdk/include/sl_lidar_protocol.h:66:16:\x1b[m\x1b[K \x1b[01;35m\x1b[Kwarning: \x1b[m\x1b[KISO C++ forbids zero-size array \xe2\x80\x98\x1b[01m\x1b[Kdata\x1b[m\x1b[K\xe2\x80\x99 [\x1b[01;35m\x1b[K-Wpedantic\x1b[m\x1b[K]\n'}
[18.098672] (sllidar_ros2) StderrLine: {'line': b'   66 |     sl_u8 data[\x1b[01;35m\x1b[K0\x1b[m\x1b[K];\n'}
[18.099127] (sllidar_ros2) StderrLine: {'line': b'      |                \x1b[01;35m\x1b[K^\x1b[m\x1b[K\n'}
[18.103193] (sllidar_ros2) StderrLine: {'line': b'In file included from \x1b[01m\x1b[K/root/ros2_ws/src/sllidar_ros2/./sdk/include/rplidar_cmd.h:36\x1b[m\x1b[K,\n'}
[18.104103] (sllidar_ros2) StderrLine: {'line': b'                 from \x1b[01m\x1b[K/root/ros2_ws/src/sllidar_ros2/./sdk/include/rplidar.h:40\x1b[m\x1b[K,\n'}
[18.104992] (sllidar_ros2) StderrLine: {'line': b'                 from \x1b[01m\x1b[K/root/ros2_ws/src/sllidar_ros2/./sdk/src/sdkcommon.h:49\x1b[m\x1b[K,\n'}
[18.105783] (sllidar_ros2) StderrLine: {'line': b'                 from \x1b[01m\x1b[K/root/ros2_ws/src/sllidar_ros2/sdk/src/dataunpacker/unpacker/../dataunnpacker_commondef.h:41\x1b[m\x1b[K,\n'}
[18.106603] (sllidar_ros2) StderrLine: {'line': b'                 from \x1b[01m\x1b[K/root/ros2_ws/src/sllidar_ros2/sdk/src/dataunpacker/unpacker/handler_capsules.cpp:39\x1b[m\x1b[K:\n'}
[18.107426] (sllidar_ros2) StderrLine: {'line': b'\x1b[01m\x1b[K/root/ros2_ws/src/sllidar_ros2/./sdk/include/sl_lidar_cmd.h:324:20:\x1b[m\x1b[K \x1b[01;35m\x1b[Kwarning: \x1b[m\x1b[KISO C++ forbids zero-size array \xe2\x80\x98\x1b[01m\x1b[Kpayload\x1b[m\x1b[K\xe2\x80\x99 [\x1b[01;35m\x1b[K-Wpedantic\x1b[m\x1b[K]\n'}
[18.108215] (sllidar_ros2) StderrLine: {'line': b'  324 |     sl_u8  payload[\x1b[01;35m\x1b[K0\x1b[m\x1b[K];\n'}
[18.109083] (sllidar_ros2) StderrLine: {'line': b'      |                    \x1b[01;35m\x1b[K^\x1b[m\x1b[K\n'}
[18.115256] (vesc_msgs) StdoutLine: {'line': b'-- Symlinking: /root/ros2_ws/install/vesc_msgs/include/vesc_msgs/msg/detail/vesc_state__rosidl_typesupport_introspection_cpp.hpp\n'}
[18.185752] (-) TimerEvent: {}
[18.239696] (vesc_msgs) StdoutLine: {'line': b'-- Symlinking: /root/ros2_ws/install/vesc_msgs/include/vesc_msgs/msg/detail/vesc_state_stamped__rosidl_typesupport_introspection_cpp.hpp\n'}
[18.285891] (-) TimerEvent: {}
[18.358423] (vesc_msgs) StdoutLine: {'line': b'-- Symlinking: /root/ros2_ws/install/vesc_msgs/share/vesc_msgs/environment/pythonpath.sh\n'}
[18.386112] (-) TimerEvent: {}
[18.456620] (vesc_msgs) StdoutLine: {'line': b'-- Symlinking: /root/ros2_ws/install/vesc_msgs/share/vesc_msgs/environment/pythonpath.dsv\n'}
[18.486295] (-) TimerEvent: {}
[18.543485] (vesc_msgs) StdoutLine: {'line': b'-- Symlinking: /root/ros2_ws/install/vesc_msgs/lib/python3.8/site-packages/vesc_msgs/__init__.py\n'}
[18.592972] (-) TimerEvent: {}
[18.677032] (vesc_msgs) StdoutLine: {'line': b'-- Symlinking: /root/ros2_ws/install/vesc_msgs/lib/python3.8/site-packages/vesc_msgs/msg/__init__.py\n'}
[18.693151] (-) TimerEvent: {}
[18.740600] (sllidar_ros2) StderrLine: {'line': b'In file included from \x1b[01m\x1b[K/root/ros2_ws/src/sllidar_ros2/sdk/src/dataunpacker/unpacker/handler_capsules.cpp:40\x1b[m\x1b[K:\n'}
[18.741612] (sllidar_ros2) StderrLine: {'line': b'\x1b[01m\x1b[K/root/ros2_ws/src/sllidar_ros2/sdk/src/dataunpacker/unpacker/../dataunpacker.h:\x1b[m\x1b[K In member function \xe2\x80\x98\x1b[01m\x1b[Kvirtual void sl::internal::LIDARSampleDataListener::onCustomSampleDataDecoded(_u8, _u32, const void*, size_t)\x1b[m\x1b[K\xe2\x80\x99:\n'}
[18.742453] (sllidar_ros2) StderrLine: {'line': b'\x1b[01m\x1b[K/root/ros2_ws/src/sllidar_ros2/sdk/src/dataunpacker/unpacker/../dataunpacker.h:54:45:\x1b[m\x1b[K \x1b[01;35m\x1b[Kwarning: \x1b[m\x1b[Kunused parameter \xe2\x80\x98\x1b[01m\x1b[KansType\x1b[m\x1b[K\xe2\x80\x99 [\x1b[01;35m\x1b[K-Wunused-parameter\x1b[m\x1b[K]\n'}
[18.743280] (sllidar_ros2) StderrLine: {'line': b'   54 |  virtual void onCustomSampleDataDecoded(\x1b[01;35m\x1b[K_u8 ansType\x1b[m\x1b[K, _u32 customCode, const void* data, size_t size) {}\n'}
[18.744042] (sllidar_ros2) StderrLine: {'line': b'      |                                         \x1b[01;35m\x1b[K~~~~^~~~~~~\x1b[m\x1b[K\n'}
[18.744988] (sllidar_ros2) StderrLine: {'line': b'\x1b[01m\x1b[K/root/ros2_ws/src/sllidar_ros2/sdk/src/dataunpacker/unpacker/../dataunpacker.h:54:59:\x1b[m\x1b[K \x1b[01;35m\x1b[Kwarning: \x1b[m\x1b[Kunused parameter \xe2\x80\x98\x1b[01m\x1b[KcustomCode\x1b[m\x1b[K\xe2\x80\x99 [\x1b[01;35m\x1b[K-Wunused-parameter\x1b[m\x1b[K]\n'}
[18.746321] (sllidar_ros2) StderrLine: {'line': b'   54 |  virtual void onCustomSampleDataDecoded(_u8 ansType, \x1b[01;35m\x1b[K_u32 customCode\x1b[m\x1b[K, const void* data, size_t size) {}\n'}
[18.746845] (sllidar_ros2) StderrLine: {'line': b'      |                                                      \x1b[01;35m\x1b[K~~~~~^~~~~~~~~~\x1b[m\x1b[K\n'}
[18.747298] (sllidar_ros2) StderrLine: {'line': b'\x1b[01m\x1b[K/root/ros2_ws/src/sllidar_ros2/sdk/src/dataunpacker/unpacker/../dataunpacker.h:54:83:\x1b[m\x1b[K \x1b[01;35m\x1b[Kwarning: \x1b[m\x1b[Kunused parameter \xe2\x80\x98\x1b[01m\x1b[Kdata\x1b[m\x1b[K\xe2\x80\x99 [\x1b[01;35m\x1b[K-Wunused-parameter\x1b[m\x1b[K]\n'}
[18.747798] (sllidar_ros2) StderrLine: {'line': b'   54 |  virtual void onCustomSampleDataDecoded(_u8 ansType, _u32 customCode, \x1b[01;35m\x1b[Kconst void* data\x1b[m\x1b[K, size_t size) {}\n'}
[18.748265] (sllidar_ros2) StderrLine: {'line': b'      |                                                                       \x1b[01;35m\x1b[K~~~~~~~~~~~~^~~~\x1b[m\x1b[K\n'}
[18.748729] (sllidar_ros2) StderrLine: {'line': b'\x1b[01m\x1b[K/root/ros2_ws/src/sllidar_ros2/sdk/src/dataunpacker/unpacker/../dataunpacker.h:54:96:\x1b[m\x1b[K \x1b[01;35m\x1b[Kwarning: \x1b[m\x1b[Kunused parameter \xe2\x80\x98\x1b[01m\x1b[Ksize\x1b[m\x1b[K\xe2\x80\x99 [\x1b[01;35m\x1b[K-Wunused-parameter\x1b[m\x1b[K]\n'}
[18.749344] (sllidar_ros2) StderrLine: {'line': b'   54 |  virtual void onCustomSampleDataDecoded(_u8 ansType, _u32 customCode, const void* data, \x1b[01;35m\x1b[Ksize_t size\x1b[m\x1b[K) {}\n'}
[18.749788] (sllidar_ros2) StderrLine: {'line': b'      |                                                                                         \x1b[01;35m\x1b[K~~~~~~~^~~~\x1b[m\x1b[K\n'}
[18.750226] (sllidar_ros2) StderrLine: {'line': b'\x1b[01m\x1b[K/root/ros2_ws/src/sllidar_ros2/sdk/src/dataunpacker/unpacker/../dataunpacker.h:\x1b[m\x1b[K In member function \xe2\x80\x98\x1b[01m\x1b[Kvirtual void sl::internal::LIDARSampleDataListener::onDecodingError(int, _u8, const void*, size_t)\x1b[m\x1b[K\xe2\x80\x99:\n'}
[18.750673] (sllidar_ros2) StderrLine: {'line': b'\x1b[01m\x1b[K/root/ros2_ws/src/sllidar_ros2/sdk/src/dataunpacker/unpacker/../dataunpacker.h:56:35:\x1b[m\x1b[K \x1b[01;35m\x1b[Kwarning: \x1b[m\x1b[Kunused parameter \xe2\x80\x98\x1b[01m\x1b[KerrMsg\x1b[m\x1b[K\xe2\x80\x99 [\x1b[01;35m\x1b[K-Wunused-parameter\x1b[m\x1b[K]\n'}
[18.751224] (sllidar_ros2) StderrLine: {'line': b'   56 |  virtual void onDecodingError(\x1b[01;35m\x1b[Kint errMsg\x1b[m\x1b[K, _u8 ansType, const void* payload, size_t size) {}\n'}
[18.751918] (sllidar_ros2) StderrLine: {'line': b'      |                               \x1b[01;35m\x1b[K~~~~^~~~~~\x1b[m\x1b[K\n'}
[18.752375] (sllidar_ros2) StderrLine: {'line': b'\x1b[01m\x1b[K/root/ros2_ws/src/sllidar_ros2/sdk/src/dataunpacker/unpacker/../dataunpacker.h:56:47:\x1b[m\x1b[K \x1b[01;35m\x1b[Kwarning: \x1b[m\x1b[Kunused parameter \xe2\x80\x98\x1b[01m\x1b[KansType\x1b[m\x1b[K\xe2\x80\x99 [\x1b[01;35m\x1b[K-Wunused-parameter\x1b[m\x1b[K]\n'}
[18.757024] (sllidar_ros2) StderrLine: {'line': b'   56 |  virtual void onDecodingError(int errMsg, \x1b[01;35m\x1b[K_u8 ansType\x1b[m\x1b[K, const void* payload, size_t size) {}\n'}
[18.757633] (sllidar_ros2) StderrLine: {'line': b'      |                                           \x1b[01;35m\x1b[K~~~~^~~~~~~\x1b[m\x1b[K\n'}
[18.758084] (sllidar_ros2) StderrLine: {'line': b'\x1b[01m\x1b[K/root/ros2_ws/src/sllidar_ros2/sdk/src/dataunpacker/unpacker/../dataunpacker.h:56:68:\x1b[m\x1b[K \x1b[01;35m\x1b[Kwarning: \x1b[m\x1b[Kunused parameter \xe2\x80\x98\x1b[01m\x1b[Kpayload\x1b[m\x1b[K\xe2\x80\x99 [\x1b[01;35m\x1b[K-Wunused-parameter\x1b[m\x1b[K]\n'}
[18.758525] (sllidar_ros2) StderrLine: {'line': b'   56 |  virtual void onDecodingError(int errMsg, _u8 ansType, \x1b[01;35m\x1b[Kconst void* payload\x1b[m\x1b[K, size_t size) {}\n'}
[18.758923] (sllidar_ros2) StderrLine: {'line': b'      |                                                        \x1b[01;35m\x1b[K~~~~~~~~~~~~^~~~~~~\x1b[m\x1b[K\n'}
[18.759311] (sllidar_ros2) StderrLine: {'line': b'\x1b[01m\x1b[K/root/ros2_ws/src/sllidar_ros2/sdk/src/dataunpacker/unpacker/../dataunpacker.h:56:84:\x1b[m\x1b[K \x1b[01;35m\x1b[Kwarning: \x1b[m\x1b[Kunused parameter \xe2\x80\x98\x1b[01m\x1b[Ksize\x1b[m\x1b[K\xe2\x80\x99 [\x1b[01;35m\x1b[K-Wunused-parameter\x1b[m\x1b[K]\n'}
[18.759707] (sllidar_ros2) StderrLine: {'line': b'   56 |  virtual void onDecodingError(int errMsg, _u8 ansType, const void* payload, \x1b[01;35m\x1b[Ksize_t size\x1b[m\x1b[K) {}\n'}
[18.760108] (sllidar_ros2) StderrLine: {'line': b'      |                                                                             \x1b[01;35m\x1b[K~~~~~~~^~~~\x1b[m\x1b[K\n'}
[18.773817] (vesc_msgs) StdoutLine: {'line': b'-- Symlinking: /root/ros2_ws/install/vesc_msgs/lib/python3.8/site-packages/vesc_msgs/msg/_vesc_imu.py\n'}
[18.793329] (-) TimerEvent: {}
[18.814714] (vesc_msgs) StdoutLine: {'line': b'-- Symlinking: /root/ros2_ws/install/vesc_msgs/lib/python3.8/site-packages/vesc_msgs/msg/_vesc_imu_stamped.py\n'}
[18.831361] (sllidar_ros2) StderrLine: {'line': b'\x1b[01m\x1b[K/root/ros2_ws/src/sllidar_ros2/sdk/src/dataunpacker/unpacker/handler_capsules.cpp:\x1b[m\x1b[K In member function \xe2\x80\x98\x1b[01m\x1b[Kvoid sl::internal::unpacker::UnpackerHandler_DenseCapsuleNode::_onScanNodeDenseCapsuleData(rplidar_response_dense_capsule_measurement_nodes_t&, sl::internal::LIDARSampleDataUnpackerInner*)\x1b[m\x1b[K\xe2\x80\x99:\n'}
[18.832064] (sllidar_ros2) StderrLine: {'line': b'\x1b[01m\x1b[K/root/ros2_ws/src/sllidar_ros2/sdk/src/dataunpacker/unpacker/handler_capsules.cpp:763:108:\x1b[m\x1b[K \x1b[01;35m\x1b[Kwarning: \x1b[m\x1b[Ktype qualifiers ignored on cast result type [\x1b[01;35m\x1b[K-Wignored-qualifiers\x1b[m\x1b[K]\n'}
[18.832569] (sllidar_ros2) StderrLine: {'line': b'  763 |             const int dist = static_cast<const int>(_cached_previous_dense_capsuledata.cabins[pos].distance\x1b[01;35m\x1b[K)\x1b[m\x1b[K;\n'}
[18.833158] (sllidar_ros2) StderrLine: {'line': b'      |                                                                                                            \x1b[01;35m\x1b[K^\x1b[m\x1b[K\n'}
[18.838284] (sllidar_ros2) StdoutLine: {'line': b'[ 40%] \x1b[32mBuilding CXX object CMakeFiles/sllidar_node.dir/sdk/src/dataunpacker/unpacker/handler_hqnode.cpp.o\x1b[0m\n'}
[18.890882] (vesc_msgs) StdoutLine: {'line': b'-- Symlinking: /root/ros2_ws/install/vesc_msgs/lib/python3.8/site-packages/vesc_msgs/msg/_vesc_state.py\n'}
[18.893490] (-) TimerEvent: {}
[18.994277] (-) TimerEvent: {}
[19.015521] (vesc_msgs) StdoutLine: {'line': b'-- Symlinking: /root/ros2_ws/install/vesc_msgs/lib/python3.8/site-packages/vesc_msgs/msg/_vesc_state_stamped.py\n'}
[19.094467] (-) TimerEvent: {}
[19.110171] (vesc_msgs) StdoutLine: {'line': b'-- Symlinking: /root/ros2_ws/install/vesc_msgs/lib/python3.8/site-packages/vesc_msgs/vesc_msgs_s__rosidl_typesupport_fastrtps_c.cpython-38-aarch64-linux-gnu.so\n'}
[19.194666] (-) TimerEvent: {}
[19.203805] (vesc_msgs) StdoutLine: {'line': b'-- Symlinking: /root/ros2_ws/install/vesc_msgs/lib/python3.8/site-packages/vesc_msgs/vesc_msgs_s__rosidl_typesupport_introspection_c.cpython-38-aarch64-linux-gnu.so\n'}
[19.294865] (-) TimerEvent: {}
[19.309758] (vesc_msgs) StdoutLine: {'line': b'-- Symlinking: /root/ros2_ws/install/vesc_msgs/lib/python3.8/site-packages/vesc_msgs/vesc_msgs_s__rosidl_typesupport_c.cpython-38-aarch64-linux-gnu.so\n'}
[19.395066] (-) TimerEvent: {}
[19.398354] (vesc_msgs) StdoutLine: {'line': b'-- Symlinking: /root/ros2_ws/install/vesc_msgs/lib/libvesc_msgs__python.so\n'}
[19.484166] (vesc_msgs) StdoutLine: {'line': b'-- Symlinking: /root/ros2_ws/install/vesc_msgs/share/vesc_msgs/msg/VescState.idl\n'}
[19.495276] (-) TimerEvent: {}
[19.576907] (vesc_msgs) StdoutLine: {'line': b'-- Symlinking: /root/ros2_ws/install/vesc_msgs/share/vesc_msgs/msg/VescStateStamped.idl\n'}
[19.595475] (-) TimerEvent: {}
[19.676276] (vesc_msgs) StdoutLine: {'line': b'-- Symlinking: /root/ros2_ws/install/vesc_msgs/share/vesc_msgs/msg/VescImu.idl\n'}
[19.695671] (-) TimerEvent: {}
[19.769057] (vesc_msgs) StdoutLine: {'line': b'-- Symlinking: /root/ros2_ws/install/vesc_msgs/share/vesc_msgs/msg/VescImuStamped.idl\n'}
[19.795874] (-) TimerEvent: {}
[19.868493] (vesc_msgs) StdoutLine: {'line': b'-- Symlinking: /root/ros2_ws/install/vesc_msgs/share/vesc_msgs/msg/VescState.msg\n'}
[19.896063] (-) TimerEvent: {}
[19.945587] (vesc_msgs) StdoutLine: {'line': b'-- Symlinking: /root/ros2_ws/install/vesc_msgs/share/vesc_msgs/msg/VescStateStamped.msg\n'}
[19.988134] (sllidar_ros2) StdoutLine: {'line': b'[ 45%] \x1b[32mBuilding CXX object CMakeFiles/sllidar_node.dir/sdk/src/dataunpacker/unpacker/handler_normalnode.cpp.o\x1b[0m\n'}
[19.996270] (-) TimerEvent: {}
[20.020262] (vesc_msgs) StdoutLine: {'line': b'-- Symlinking: /root/ros2_ws/install/vesc_msgs/share/vesc_msgs/msg/VescImu.msg\n'}
[20.096470] (-) TimerEvent: {}
[20.110948] (vesc_msgs) StdoutLine: {'line': b'-- Symlinking: /root/ros2_ws/install/vesc_msgs/share/vesc_msgs/msg/VescImuStamped.msg\n'}
[20.191588] (vesc_msgs) StdoutLine: {'line': b'-- Symlinking: /root/ros2_ws/install/vesc_msgs/share/ament_index/resource_index/package_run_dependencies/vesc_msgs\n'}
[20.196662] (-) TimerEvent: {}
[20.250249] (vesc_msgs) StdoutLine: {'line': b'-- Symlinking: /root/ros2_ws/install/vesc_msgs/share/ament_index/resource_index/parent_prefix_path/vesc_msgs\n'}
[20.296893] (-) TimerEvent: {}
[20.323994] (vesc_msgs) StdoutLine: {'line': b'-- Symlinking: /root/ros2_ws/install/vesc_msgs/share/vesc_msgs/environment/ament_prefix_path.sh\n'}
[20.397080] (-) TimerEvent: {}
[20.414864] (vesc_msgs) StdoutLine: {'line': b'-- Symlinking: /root/ros2_ws/install/vesc_msgs/share/vesc_msgs/environment/ament_prefix_path.dsv\n'}
[20.497266] (-) TimerEvent: {}
[20.511389] (vesc_msgs) StdoutLine: {'line': b'-- Symlinking: /root/ros2_ws/install/vesc_msgs/share/vesc_msgs/environment/path.sh\n'}
[20.556648] (sllidar_ros2) StderrLine: {'line': b'In file included from \x1b[01m\x1b[K/root/ros2_ws/src/sllidar_ros2/./sdk/include/sl_lidar_cmd.h:41\x1b[m\x1b[K,\n'}
[20.557379] (sllidar_ros2) StderrLine: {'line': b'                 from \x1b[01m\x1b[K/root/ros2_ws/src/sllidar_ros2/./sdk/include/sl_lidar_driver.h:54\x1b[m\x1b[K,\n'}
[20.557850] (sllidar_ros2) StderrLine: {'line': b'                 from \x1b[01m\x1b[K/root/ros2_ws/src/sllidar_ros2/./sdk/include/sl_lidar.h:36\x1b[m\x1b[K,\n'}
[20.558303] (sllidar_ros2) StderrLine: {'line': b'                 from \x1b[01m\x1b[K/root/ros2_ws/src/sllidar_ros2/src/sllidar_node.cpp:38\x1b[m\x1b[K:\n'}
[20.558760] (sllidar_ros2) StderrLine: {'line': b'\x1b[01m\x1b[K/root/ros2_ws/src/sllidar_ros2/./sdk/include/sl_lidar_protocol.h:66:16:\x1b[m\x1b[K \x1b[01;35m\x1b[Kwarning: \x1b[m\x1b[KISO C++ forbids zero-size array \xe2\x80\x98\x1b[01m\x1b[Kdata\x1b[m\x1b[K\xe2\x80\x99 [\x1b[01;35m\x1b[K-Wpedantic\x1b[m\x1b[K]\n'}
[20.559195] (sllidar_ros2) StderrLine: {'line': b'   66 |     sl_u8 data[\x1b[01;35m\x1b[K0\x1b[m\x1b[K];\n'}
[20.559949] (sllidar_ros2) StderrLine: {'line': b'      |                \x1b[01;35m\x1b[K^\x1b[m\x1b[K\n'}
[20.560439] (sllidar_ros2) StderrLine: {'line': b'In file included from \x1b[01m\x1b[K/root/ros2_ws/src/sllidar_ros2/./sdk/include/sl_lidar_driver.h:54\x1b[m\x1b[K,\n'}
[20.560913] (sllidar_ros2) StderrLine: {'line': b'                 from \x1b[01m\x1b[K/root/ros2_ws/src/sllidar_ros2/./sdk/include/sl_lidar.h:36\x1b[m\x1b[K,\n'}
[20.561339] (sllidar_ros2) StderrLine: {'line': b'                 from \x1b[01m\x1b[K/root/ros2_ws/src/sllidar_ros2/src/sllidar_node.cpp:38\x1b[m\x1b[K:\n'}
[20.562098] (sllidar_ros2) StderrLine: {'line': b'\x1b[01m\x1b[K/root/ros2_ws/src/sllidar_ros2/./sdk/include/sl_lidar_cmd.h:324:20:\x1b[m\x1b[K \x1b[01;35m\x1b[Kwarning: \x1b[m\x1b[KISO C++ forbids zero-size array \xe2\x80\x98\x1b[01m\x1b[Kpayload\x1b[m\x1b[K\xe2\x80\x99 [\x1b[01;35m\x1b[K-Wpedantic\x1b[m\x1b[K]\n'}
[20.562880] (sllidar_ros2) StderrLine: {'line': b'  324 |     sl_u8  payload[\x1b[01;35m\x1b[K0\x1b[m\x1b[K];\n'}
[20.563597] (sllidar_ros2) StderrLine: {'line': b'      |                    \x1b[01;35m\x1b[K^\x1b[m\x1b[K\n'}
[20.590642] (vesc_msgs) StdoutLine: {'line': b'-- Symlinking: /root/ros2_ws/install/vesc_msgs/share/vesc_msgs/environment/path.dsv\n'}
[20.597453] (-) TimerEvent: {}
[20.661070] (vesc_msgs) StdoutLine: {'line': b'-- Symlinking: /root/ros2_ws/install/vesc_msgs/share/vesc_msgs/local_setup.bash\n'}
[20.697644] (-) TimerEvent: {}
[20.798418] (-) TimerEvent: {}
[20.802027] (vesc_msgs) StdoutLine: {'line': b'-- Symlinking: /root/ros2_ws/install/vesc_msgs/share/vesc_msgs/local_setup.sh\n'}
[20.899710] (vesc_msgs) StdoutLine: {'line': b'-- Symlinking: /root/ros2_ws/install/vesc_msgs/share/vesc_msgs/local_setup.zsh\n'}
[20.900344] (-) TimerEvent: {}
[21.008903] (sllidar_ros2) StderrLine: {'line': b'In file included from \x1b[01m\x1b[K/root/ros2_ws/src/sllidar_ros2/./sdk/include/rplidar_protocol.h:36\x1b[m\x1b[K,\n'}
[21.009879] (-) TimerEvent: {}
[21.012066] (sllidar_ros2) StderrLine: {'line': b'                 from \x1b[01m\x1b[K/root/ros2_ws/src/sllidar_ros2/./sdk/include/rplidar.h:39\x1b[m\x1b[K,\n'}
[21.012677] (sllidar_ros2) StderrLine: {'line': b'                 from \x1b[01m\x1b[K/root/ros2_ws/src/sllidar_ros2/./sdk/src/sdkcommon.h:49\x1b[m\x1b[K,\n'}
[21.013226] (sllidar_ros2) StderrLine: {'line': b'                 from \x1b[01m\x1b[K/root/ros2_ws/src/sllidar_ros2/sdk/src/dataunpacker/unpacker/../dataunnpacker_commondef.h:41\x1b[m\x1b[K,\n'}
[21.013726] (sllidar_ros2) StderrLine: {'line': b'                 from \x1b[01m\x1b[K/root/ros2_ws/src/sllidar_ros2/sdk/src/dataunpacker/unpacker/handler_hqnode.cpp:39\x1b[m\x1b[K:\n'}
[21.014147] (sllidar_ros2) StderrLine: {'line': b'\x1b[01m\x1b[K/root/ros2_ws/src/sllidar_ros2/./sdk/include/sl_lidar_protocol.h:66:16:\x1b[m\x1b[K \x1b[01;35m\x1b[Kwarning: \x1b[m\x1b[KISO C++ forbids zero-size array \xe2\x80\x98\x1b[01m\x1b[Kdata\x1b[m\x1b[K\xe2\x80\x99 [\x1b[01;35m\x1b[K-Wpedantic\x1b[m\x1b[K]\n'}
[21.014573] (sllidar_ros2) StderrLine: {'line': b'   66 |     sl_u8 data[\x1b[01;35m\x1b[K0\x1b[m\x1b[K];\n'}
[21.015016] (sllidar_ros2) StderrLine: {'line': b'      |                \x1b[01;35m\x1b[K^\x1b[m\x1b[K\n'}
[21.015456] (sllidar_ros2) StderrLine: {'line': b'In file included from \x1b[01m\x1b[K/root/ros2_ws/src/sllidar_ros2/./sdk/include/rplidar_cmd.h:36\x1b[m\x1b[K,\n'}
[21.015972] (sllidar_ros2) StderrLine: {'line': b'                 from \x1b[01m\x1b[K/root/ros2_ws/src/sllidar_ros2/./sdk/include/rplidar.h:40\x1b[m\x1b[K,\n'}
[21.016443] (sllidar_ros2) StderrLine: {'line': b'                 from \x1b[01m\x1b[K/root/ros2_ws/src/sllidar_ros2/./sdk/src/sdkcommon.h:49\x1b[m\x1b[K,\n'}
[21.016988] (sllidar_ros2) StderrLine: {'line': b'                 from \x1b[01m\x1b[K/root/ros2_ws/src/sllidar_ros2/sdk/src/dataunpacker/unpacker/../dataunnpacker_commondef.h:41\x1b[m\x1b[K,\n'}
[21.017501] (sllidar_ros2) StderrLine: {'line': b'                 from \x1b[01m\x1b[K/root/ros2_ws/src/sllidar_ros2/sdk/src/dataunpacker/unpacker/handler_hqnode.cpp:39\x1b[m\x1b[K:\n'}
[21.017969] (sllidar_ros2) StderrLine: {'line': b'\x1b[01m\x1b[K/root/ros2_ws/src/sllidar_ros2/./sdk/include/sl_lidar_cmd.h:324:20:\x1b[m\x1b[K \x1b[01;35m\x1b[Kwarning: \x1b[m\x1b[KISO C++ forbids zero-size array \xe2\x80\x98\x1b[01m\x1b[Kpayload\x1b[m\x1b[K\xe2\x80\x99 [\x1b[01;35m\x1b[K-Wpedantic\x1b[m\x1b[K]\n'}
[21.018465] (sllidar_ros2) StderrLine: {'line': b'  324 |     sl_u8  payload[\x1b[01;35m\x1b[K0\x1b[m\x1b[K];\n'}
[21.018943] (sllidar_ros2) StderrLine: {'line': b'      |                    \x1b[01;35m\x1b[K^\x1b[m\x1b[K\n'}
[21.039659] (vesc_msgs) StdoutLine: {'line': b'-- Symlinking: /root/ros2_ws/install/vesc_msgs/share/vesc_msgs/local_setup.dsv\n'}
[21.111070] (-) TimerEvent: {}
[21.113036] (vesc_msgs) StdoutLine: {'line': b'-- Symlinking: /root/ros2_ws/install/vesc_msgs/share/vesc_msgs/package.dsv\n'}
[21.211271] (-) TimerEvent: {}
[21.251163] (vesc_msgs) StdoutLine: {'line': b'-- Symlinking: /root/ros2_ws/install/vesc_msgs/share/ament_index/resource_index/packages/vesc_msgs\n'}
[21.311482] (-) TimerEvent: {}
[21.374249] (vesc_msgs) StdoutLine: {'line': b'-- Symlinking: /root/ros2_ws/install/vesc_msgs/share/vesc_msgs/cmake/rosidl_cmake-extras.cmake\n'}
[21.412935] (-) TimerEvent: {}
[21.513694] (-) TimerEvent: {}
[21.521339] (vesc_msgs) StdoutLine: {'line': b'-- Symlinking: /root/ros2_ws/install/vesc_msgs/share/vesc_msgs/cmake/ament_cmake_export_dependencies-extras.cmake\n'}
[21.589020] (sllidar_ros2) StderrLine: {'line': b'In file included from \x1b[01m\x1b[K/root/ros2_ws/src/sllidar_ros2/sdk/src/dataunpacker/unpacker/handler_hqnode.cpp:40\x1b[m\x1b[K:\n'}
[21.589983] (sllidar_ros2) StderrLine: {'line': b'\x1b[01m\x1b[K/root/ros2_ws/src/sllidar_ros2/sdk/src/dataunpacker/unpacker/../dataunpacker.h:\x1b[m\x1b[K In member function \xe2\x80\x98\x1b[01m\x1b[Kvirtual void sl::internal::LIDARSampleDataListener::onCustomSampleDataDecoded(_u8, _u32, const void*, size_t)\x1b[m\x1b[K\xe2\x80\x99:\n'}
[21.590777] (sllidar_ros2) StderrLine: {'line': b'\x1b[01m\x1b[K/root/ros2_ws/src/sllidar_ros2/sdk/src/dataunpacker/unpacker/../dataunpacker.h:54:45:\x1b[m\x1b[K \x1b[01;35m\x1b[Kwarning: \x1b[m\x1b[Kunused parameter \xe2\x80\x98\x1b[01m\x1b[KansType\x1b[m\x1b[K\xe2\x80\x99 [\x1b[01;35m\x1b[K-Wunused-parameter\x1b[m\x1b[K]\n'}
[21.591588] (sllidar_ros2) StderrLine: {'line': b'   54 |  virtual void onCustomSampleDataDecoded(\x1b[01;35m\x1b[K_u8 ansType\x1b[m\x1b[K, _u32 customCode, const void* data, size_t size) {}\n'}
[21.592445] (sllidar_ros2) StderrLine: {'line': b'      |                                         \x1b[01;35m\x1b[K~~~~^~~~~~~\x1b[m\x1b[K\n'}
[21.593365] (sllidar_ros2) StderrLine: {'line': b'\x1b[01m\x1b[K/root/ros2_ws/src/sllidar_ros2/sdk/src/dataunpacker/unpacker/../dataunpacker.h:54:59:\x1b[m\x1b[K \x1b[01;35m\x1b[Kwarning: \x1b[m\x1b[Kunused parameter \xe2\x80\x98\x1b[01m\x1b[KcustomCode\x1b[m\x1b[K\xe2\x80\x99 [\x1b[01;35m\x1b[K-Wunused-parameter\x1b[m\x1b[K]\n'}
[21.594200] (sllidar_ros2) StderrLine: {'line': b'   54 |  virtual void onCustomSampleDataDecoded(_u8 ansType, \x1b[01;35m\x1b[K_u32 customCode\x1b[m\x1b[K, const void* data, size_t size) {}\n'}
[21.594965] (sllidar_ros2) StderrLine: {'line': b'      |                                                      \x1b[01;35m\x1b[K~~~~~^~~~~~~~~~\x1b[m\x1b[K\n'}
[21.595858] (sllidar_ros2) StderrLine: {'line': b'\x1b[01m\x1b[K/root/ros2_ws/src/sllidar_ros2/sdk/src/dataunpacker/unpacker/../dataunpacker.h:54:83:\x1b[m\x1b[K \x1b[01;35m\x1b[Kwarning: \x1b[m\x1b[Kunused parameter \xe2\x80\x98\x1b[01m\x1b[Kdata\x1b[m\x1b[K\xe2\x80\x99 [\x1b[01;35m\x1b[K-Wunused-parameter\x1b[m\x1b[K]\n'}
[21.596734] (sllidar_ros2) StderrLine: {'line': b'   54 |  virtual void onCustomSampleDataDecoded(_u8 ansType, _u32 customCode, \x1b[01;35m\x1b[Kconst void* data\x1b[m\x1b[K, size_t size) {}\n'}
[21.597604] (sllidar_ros2) StderrLine: {'line': b'      |                                                                       \x1b[01;35m\x1b[K~~~~~~~~~~~~^~~~\x1b[m\x1b[K\n'}
[21.598536] (sllidar_ros2) StderrLine: {'line': b'\x1b[01m\x1b[K/root/ros2_ws/src/sllidar_ros2/sdk/src/dataunpacker/unpacker/../dataunpacker.h:54:96:\x1b[m\x1b[K \x1b[01;35m\x1b[Kwarning: \x1b[m\x1b[Kunused parameter \xe2\x80\x98\x1b[01m\x1b[Ksize\x1b[m\x1b[K\xe2\x80\x99 [\x1b[01;35m\x1b[K-Wunused-parameter\x1b[m\x1b[K]\n'}
[21.599354] (sllidar_ros2) StderrLine: {'line': b'   54 |  virtual void onCustomSampleDataDecoded(_u8 ansType, _u32 customCode, const void* data, \x1b[01;35m\x1b[Ksize_t size\x1b[m\x1b[K) {}\n'}
[21.600113] (sllidar_ros2) StderrLine: {'line': b'      |                                                                                         \x1b[01;35m\x1b[K~~~~~~~^~~~\x1b[m\x1b[K\n'}
[21.601259] (sllidar_ros2) StderrLine: {'line': b'\x1b[01m\x1b[K/root/ros2_ws/src/sllidar_ros2/sdk/src/dataunpacker/unpacker/../dataunpacker.h:\x1b[m\x1b[K In member function \xe2\x80\x98\x1b[01m\x1b[Kvirtual void sl::internal::LIDARSampleDataListener::onDecodingError(int, _u8, const void*, size_t)\x1b[m\x1b[K\xe2\x80\x99:\n'}
[21.602135] (sllidar_ros2) StderrLine: {'line': b'\x1b[01m\x1b[K/root/ros2_ws/src/sllidar_ros2/sdk/src/dataunpacker/unpacker/../dataunpacker.h:56:35:\x1b[m\x1b[K \x1b[01;35m\x1b[Kwarning: \x1b[m\x1b[Kunused parameter \xe2\x80\x98\x1b[01m\x1b[KerrMsg\x1b[m\x1b[K\xe2\x80\x99 [\x1b[01;35m\x1b[K-Wunused-parameter\x1b[m\x1b[K]\n'}
[21.602883] (sllidar_ros2) StderrLine: {'line': b'   56 |  virtual void onDecodingError(\x1b[01;35m\x1b[Kint errMsg\x1b[m\x1b[K, _u8 ansType, const void* payload, size_t size) {}\n'}
[21.615774] (sllidar_ros2) StderrLine: {'line': b'      |                               \x1b[01;35m\x1b[K~~~~^~~~~~\x1b[m\x1b[K\n'}
[21.616414] (-) TimerEvent: {}
[21.618767] (sllidar_ros2) StderrLine: {'line': b'\x1b[01m\x1b[K/root/ros2_ws/src/sllidar_ros2/sdk/src/dataunpacker/unpacker/../dataunpacker.h:56:47:\x1b[m\x1b[K \x1b[01;35m\x1b[Kwarning: \x1b[m\x1b[Kunused parameter \xe2\x80\x98\x1b[01m\x1b[KansType\x1b[m\x1b[K\xe2\x80\x99 [\x1b[01;35m\x1b[K-Wunused-parameter\x1b[m\x1b[K]\n'}
[21.619396] (sllidar_ros2) StderrLine: {'line': b'   56 |  virtual void onDecodingError(int errMsg, \x1b[01;35m\x1b[K_u8 ansType\x1b[m\x1b[K, const void* payload, size_t size) {}\n'}
[21.619845] (sllidar_ros2) StderrLine: {'line': b'      |                                           \x1b[01;35m\x1b[K~~~~^~~~~~~\x1b[m\x1b[K\n'}
[21.620320] (sllidar_ros2) StderrLine: {'line': b'\x1b[01m\x1b[K/root/ros2_ws/src/sllidar_ros2/sdk/src/dataunpacker/unpacker/../dataunpacker.h:56:68:\x1b[m\x1b[K \x1b[01;35m\x1b[Kwarning: \x1b[m\x1b[Kunused parameter \xe2\x80\x98\x1b[01m\x1b[Kpayload\x1b[m\x1b[K\xe2\x80\x99 [\x1b[01;35m\x1b[K-Wunused-parameter\x1b[m\x1b[K]\n'}
[21.620832] (sllidar_ros2) StderrLine: {'line': b'   56 |  virtual void onDecodingError(int errMsg, _u8 ansType, \x1b[01;35m\x1b[Kconst void* payload\x1b[m\x1b[K, size_t size) {}\n'}
[21.621313] (sllidar_ros2) StderrLine: {'line': b'      |                                                        \x1b[01;35m\x1b[K~~~~~~~~~~~~^~~~~~~\x1b[m\x1b[K\n'}
[21.621743] (sllidar_ros2) StderrLine: {'line': b'\x1b[01m\x1b[K/root/ros2_ws/src/sllidar_ros2/sdk/src/dataunpacker/unpacker/../dataunpacker.h:56:84:\x1b[m\x1b[K \x1b[01;35m\x1b[Kwarning: \x1b[m\x1b[Kunused parameter \xe2\x80\x98\x1b[01m\x1b[Ksize\x1b[m\x1b[K\xe2\x80\x99 [\x1b[01;35m\x1b[K-Wunused-parameter\x1b[m\x1b[K]\n'}
[21.622190] (sllidar_ros2) StderrLine: {'line': b'   56 |  virtual void onDecodingError(int errMsg, _u8 ansType, const void* payload, \x1b[01;35m\x1b[Ksize_t size\x1b[m\x1b[K) {}\n'}
[21.622656] (sllidar_ros2) StderrLine: {'line': b'      |                                                                             \x1b[01;35m\x1b[K~~~~~~~^~~~\x1b[m\x1b[K\n'}
[21.623136] (vesc_msgs) StdoutLine: {'line': b'-- Symlinking: /root/ros2_ws/install/vesc_msgs/share/vesc_msgs/cmake/ament_cmake_export_libraries-extras.cmake\n'}
[21.679478] (sllidar_ros2) StderrLine: {'line': b'In file included from \x1b[01m\x1b[K/root/ros2_ws/src/sllidar_ros2/./sdk/include/rplidar_protocol.h:36\x1b[m\x1b[K,\n'}
[21.680445] (sllidar_ros2) StderrLine: {'line': b'                 from \x1b[01m\x1b[K/root/ros2_ws/src/sllidar_ros2/./sdk/include/rplidar.h:39\x1b[m\x1b[K,\n'}
[21.681292] (sllidar_ros2) StderrLine: {'line': b'                 from \x1b[01m\x1b[K/root/ros2_ws/src/sllidar_ros2/./sdk/src/sdkcommon.h:49\x1b[m\x1b[K,\n'}
[21.682070] (sllidar_ros2) StderrLine: {'line': b'                 from \x1b[01m\x1b[K/root/ros2_ws/src/sllidar_ros2/sdk/src/dataunpacker/unpacker/../dataunnpacker_commondef.h:41\x1b[m\x1b[K,\n'}
[21.682881] (sllidar_ros2) StderrLine: {'line': b'                 from \x1b[01m\x1b[K/root/ros2_ws/src/sllidar_ros2/sdk/src/dataunpacker/unpacker/handler_normalnode.cpp:39\x1b[m\x1b[K:\n'}
[21.683662] (sllidar_ros2) StderrLine: {'line': b'\x1b[01m\x1b[K/root/ros2_ws/src/sllidar_ros2/./sdk/include/sl_lidar_protocol.h:66:16:\x1b[m\x1b[K \x1b[01;35m\x1b[Kwarning: \x1b[m\x1b[KISO C++ forbids zero-size array \xe2\x80\x98\x1b[01m\x1b[Kdata\x1b[m\x1b[K\xe2\x80\x99 [\x1b[01;35m\x1b[K-Wpedantic\x1b[m\x1b[K]\n'}
[21.684482] (sllidar_ros2) StderrLine: {'line': b'   66 |     sl_u8 data[\x1b[01;35m\x1b[K0\x1b[m\x1b[K];\n'}
[21.685368] (sllidar_ros2) StderrLine: {'line': b'      |                \x1b[01;35m\x1b[K^\x1b[m\x1b[K\n'}
[21.689227] (sllidar_ros2) StderrLine: {'line': b'In file included from \x1b[01m\x1b[K/root/ros2_ws/src/sllidar_ros2/./sdk/include/rplidar_cmd.h:36\x1b[m\x1b[K,\n'}
[21.690156] (sllidar_ros2) StderrLine: {'line': b'                 from \x1b[01m\x1b[K/root/ros2_ws/src/sllidar_ros2/./sdk/include/rplidar.h:40\x1b[m\x1b[K,\n'}
[21.690956] (sllidar_ros2) StderrLine: {'line': b'                 from \x1b[01m\x1b[K/root/ros2_ws/src/sllidar_ros2/./sdk/src/sdkcommon.h:49\x1b[m\x1b[K,\n'}
[21.691756] (sllidar_ros2) StderrLine: {'line': b'                 from \x1b[01m\x1b[K/root/ros2_ws/src/sllidar_ros2/sdk/src/dataunpacker/unpacker/../dataunnpacker_commondef.h:41\x1b[m\x1b[K,\n'}
[21.692550] (sllidar_ros2) StderrLine: {'line': b'                 from \x1b[01m\x1b[K/root/ros2_ws/src/sllidar_ros2/sdk/src/dataunpacker/unpacker/handler_normalnode.cpp:39\x1b[m\x1b[K:\n'}
[21.693524] (sllidar_ros2) StderrLine: {'line': b'\x1b[01m\x1b[K/root/ros2_ws/src/sllidar_ros2/./sdk/include/sl_lidar_cmd.h:324:20:\x1b[m\x1b[K \x1b[01;35m\x1b[Kwarning: \x1b[m\x1b[KISO C++ forbids zero-size array \xe2\x80\x98\x1b[01m\x1b[Kpayload\x1b[m\x1b[K\xe2\x80\x99 [\x1b[01;35m\x1b[K-Wpedantic\x1b[m\x1b[K]\n'}
[21.694333] (sllidar_ros2) StderrLine: {'line': b'  324 |     sl_u8  payload[\x1b[01;35m\x1b[K0\x1b[m\x1b[K];\n'}
[21.695094] (sllidar_ros2) StderrLine: {'line': b'      |                    \x1b[01;35m\x1b[K^\x1b[m\x1b[K\n'}
[21.716620] (-) TimerEvent: {}
[21.724018] (vesc_msgs) StdoutLine: {'line': b'-- Symlinking: /root/ros2_ws/install/vesc_msgs/share/vesc_msgs/cmake/ament_cmake_export_targets-extras.cmake\n'}
[21.816902] (-) TimerEvent: {}
[21.818440] (vesc_msgs) StdoutLine: {'line': b'-- Symlinking: /root/ros2_ws/install/vesc_msgs/share/vesc_msgs/cmake/ament_cmake_export_include_directories-extras.cmake\n'}
[21.917196] (-) TimerEvent: {}
[21.984051] (vesc_msgs) StdoutLine: {'line': b'-- Symlinking: /root/ros2_ws/install/vesc_msgs/share/vesc_msgs/cmake/rosidl_cmake_export_typesupport_libraries-extras.cmake\n'}
[22.017378] (-) TimerEvent: {}
[22.071621] (vesc_msgs) StdoutLine: {'line': b'-- Symlinking: /root/ros2_ws/install/vesc_msgs/share/vesc_msgs/cmake/rosidl_cmake_export_typesupport_targets-extras.cmake\n'}
[22.117567] (-) TimerEvent: {}
[22.181054] (vesc_msgs) StdoutLine: {'line': b'-- Symlinking: /root/ros2_ws/install/vesc_msgs/share/vesc_msgs/cmake/vesc_msgsConfig.cmake\n'}
[22.217743] (-) TimerEvent: {}
[22.274560] (vesc_msgs) StdoutLine: {'line': b'-- Symlinking: /root/ros2_ws/install/vesc_msgs/share/vesc_msgs/cmake/vesc_msgsConfig-version.cmake\n'}
[22.317922] (-) TimerEvent: {}
[22.404082] (vesc_msgs) StdoutLine: {'line': b'-- Symlinking: /root/ros2_ws/install/vesc_msgs/share/vesc_msgs/package.xml\n'}
[22.418145] (-) TimerEvent: {}
[22.420671] (sllidar_ros2) StdoutLine: {'line': b'[ 50%] \x1b[32mBuilding CXX object CMakeFiles/sllidar_node.dir/sdk/src/hal/thread.cpp.o\x1b[0m\n'}
[22.505109] (vesc_msgs) StdoutLine: {'line': b'-- Up-to-date: /root/ros2_ws/install/vesc_msgs/lib/libvesc_msgs__rosidl_generator_c.so\n'}
[22.518330] (-) TimerEvent: {}
[22.532602] (vesc_msgs) StdoutLine: {'line': b'-- Up-to-date: /root/ros2_ws/install/vesc_msgs/lib/libvesc_msgs__rosidl_typesupport_introspection_c.so\n'}
[22.551509] (vesc_msgs) StdoutLine: {'line': b'-- Up-to-date: /root/ros2_ws/install/vesc_msgs/lib/libvesc_msgs__rosidl_typesupport_c.so\n'}
[22.556562] (vesc_msgs) StdoutLine: {'line': b'-- Up-to-date: /root/ros2_ws/install/vesc_msgs/lib/libvesc_msgs__rosidl_typesupport_introspection_cpp.so\n'}
[22.561261] (vesc_msgs) StdoutLine: {'line': b'-- Up-to-date: /root/ros2_ws/install/vesc_msgs/lib/libvesc_msgs__rosidl_typesupport_cpp.so\n'}
[22.618514] (-) TimerEvent: {}
[22.720261] (-) TimerEvent: {}
[22.759934] (sllidar_ros2) StderrLine: {'line': b'In file included from \x1b[01m\x1b[K/root/ros2_ws/src/sllidar_ros2/sdk/src/dataunpacker/unpacker/handler_normalnode.cpp:40\x1b[m\x1b[K:\n'}
[22.760577] (sllidar_ros2) StderrLine: {'line': b'\x1b[01m\x1b[K/root/ros2_ws/src/sllidar_ros2/sdk/src/dataunpacker/unpacker/../dataunpacker.h:\x1b[m\x1b[K In member function \xe2\x80\x98\x1b[01m\x1b[Kvirtual void sl::internal::LIDARSampleDataListener::onCustomSampleDataDecoded(_u8, _u32, const void*, size_t)\x1b[m\x1b[K\xe2\x80\x99:\n'}
[22.761140] (sllidar_ros2) StderrLine: {'line': b'\x1b[01m\x1b[K/root/ros2_ws/src/sllidar_ros2/sdk/src/dataunpacker/unpacker/../dataunpacker.h:54:45:\x1b[m\x1b[K \x1b[01;35m\x1b[Kwarning: \x1b[m\x1b[Kunused parameter \xe2\x80\x98\x1b[01m\x1b[KansType\x1b[m\x1b[K\xe2\x80\x99 [\x1b[01;35m\x1b[K-Wunused-parameter\x1b[m\x1b[K]\n'}
[22.761627] (sllidar_ros2) StderrLine: {'line': b'   54 |  virtual void onCustomSampleDataDecoded(\x1b[01;35m\x1b[K_u8 ansType\x1b[m\x1b[K, _u32 customCode, const void* data, size_t size) {}\n'}
[22.762108] (sllidar_ros2) StderrLine: {'line': b'      |                                         \x1b[01;35m\x1b[K~~~~^~~~~~~\x1b[m\x1b[K\n'}
[22.762533] (sllidar_ros2) StderrLine: {'line': b'\x1b[01m\x1b[K/root/ros2_ws/src/sllidar_ros2/sdk/src/dataunpacker/unpacker/../dataunpacker.h:54:59:\x1b[m\x1b[K \x1b[01;35m\x1b[Kwarning: \x1b[m\x1b[Kunused parameter \xe2\x80\x98\x1b[01m\x1b[KcustomCode\x1b[m\x1b[K\xe2\x80\x99 [\x1b[01;35m\x1b[K-Wunused-parameter\x1b[m\x1b[K]\n'}
[22.763268] (sllidar_ros2) StderrLine: {'line': b'   54 |  virtual void onCustomSampleDataDecoded(_u8 ansType, \x1b[01;35m\x1b[K_u32 customCode\x1b[m\x1b[K, const void* data, size_t size) {}\n'}
[22.764010] (sllidar_ros2) StderrLine: {'line': b'      |                                                      \x1b[01;35m\x1b[K~~~~~^~~~~~~~~~\x1b[m\x1b[K\n'}
[22.764884] (sllidar_ros2) StderrLine: {'line': b'\x1b[01m\x1b[K/root/ros2_ws/src/sllidar_ros2/sdk/src/dataunpacker/unpacker/../dataunpacker.h:54:83:\x1b[m\x1b[K \x1b[01;35m\x1b[Kwarning: \x1b[m\x1b[Kunused parameter \xe2\x80\x98\x1b[01m\x1b[Kdata\x1b[m\x1b[K\xe2\x80\x99 [\x1b[01;35m\x1b[K-Wunused-parameter\x1b[m\x1b[K]\n'}
[22.765647] (sllidar_ros2) StderrLine: {'line': b'   54 |  virtual void onCustomSampleDataDecoded(_u8 ansType, _u32 customCode, \x1b[01;35m\x1b[Kconst void* data\x1b[m\x1b[K, size_t size) {}\n'}
[22.766355] (sllidar_ros2) StderrLine: {'line': b'      |                                                                       \x1b[01;35m\x1b[K~~~~~~~~~~~~^~~~\x1b[m\x1b[K\n'}
[22.767194] (sllidar_ros2) StderrLine: {'line': b'\x1b[01m\x1b[K/root/ros2_ws/src/sllidar_ros2/sdk/src/dataunpacker/unpacker/../dataunpacker.h:54:96:\x1b[m\x1b[K \x1b[01;35m\x1b[Kwarning: \x1b[m\x1b[Kunused parameter \xe2\x80\x98\x1b[01m\x1b[Ksize\x1b[m\x1b[K\xe2\x80\x99 [\x1b[01;35m\x1b[K-Wunused-parameter\x1b[m\x1b[K]\n'}
[22.768053] (sllidar_ros2) StderrLine: {'line': b'   54 |  virtual void onCustomSampleDataDecoded(_u8 ansType, _u32 customCode, const void* data, \x1b[01;35m\x1b[Ksize_t size\x1b[m\x1b[K) {}\n'}
[22.771446] (sllidar_ros2) StderrLine: {'line': b'      |                                                                                         \x1b[01;35m\x1b[K~~~~~~~^~~~\x1b[m\x1b[K\n'}
[22.772461] (sllidar_ros2) StderrLine: {'line': b'\x1b[01m\x1b[K/root/ros2_ws/src/sllidar_ros2/sdk/src/dataunpacker/unpacker/../dataunpacker.h:\x1b[m\x1b[K In member function \xe2\x80\x98\x1b[01m\x1b[Kvirtual void sl::internal::LIDARSampleDataListener::onDecodingError(int, _u8, const void*, size_t)\x1b[m\x1b[K\xe2\x80\x99:\n'}
[22.773412] (sllidar_ros2) StderrLine: {'line': b'\x1b[01m\x1b[K/root/ros2_ws/src/sllidar_ros2/sdk/src/dataunpacker/unpacker/../dataunpacker.h:56:35:\x1b[m\x1b[K \x1b[01;35m\x1b[Kwarning: \x1b[m\x1b[Kunused parameter \xe2\x80\x98\x1b[01m\x1b[KerrMsg\x1b[m\x1b[K\xe2\x80\x99 [\x1b[01;35m\x1b[K-Wunused-parameter\x1b[m\x1b[K]\n'}
[22.774244] (sllidar_ros2) StderrLine: {'line': b'   56 |  virtual void onDecodingError(\x1b[01;35m\x1b[Kint errMsg\x1b[m\x1b[K, _u8 ansType, const void* payload, size_t size) {}\n'}
[22.775287] (sllidar_ros2) StderrLine: {'line': b'      |                               \x1b[01;35m\x1b[K~~~~^~~~~~\x1b[m\x1b[K\n'}
[22.775767] (sllidar_ros2) StderrLine: {'line': b'\x1b[01m\x1b[K/root/ros2_ws/src/sllidar_ros2/sdk/src/dataunpacker/unpacker/../dataunpacker.h:56:47:\x1b[m\x1b[K \x1b[01;35m\x1b[Kwarning: \x1b[m\x1b[Kunused parameter \xe2\x80\x98\x1b[01m\x1b[KansType\x1b[m\x1b[K\xe2\x80\x99 [\x1b[01;35m\x1b[K-Wunused-parameter\x1b[m\x1b[K]\n'}
[22.780916] (sllidar_ros2) StderrLine: {'line': b'   56 |  virtual void onDecodingError(int errMsg, \x1b[01;35m\x1b[K_u8 ansType\x1b[m\x1b[K, const void* payload, size_t size) {}\n'}
[22.781575] (sllidar_ros2) StderrLine: {'line': b'      |                                           \x1b[01;35m\x1b[K~~~~^~~~~~~\x1b[m\x1b[K\n'}
[22.782070] (sllidar_ros2) StderrLine: {'line': b'\x1b[01m\x1b[K/root/ros2_ws/src/sllidar_ros2/sdk/src/dataunpacker/unpacker/../dataunpacker.h:56:68:\x1b[m\x1b[K \x1b[01;35m\x1b[Kwarning: \x1b[m\x1b[Kunused parameter \xe2\x80\x98\x1b[01m\x1b[Kpayload\x1b[m\x1b[K\xe2\x80\x99 [\x1b[01;35m\x1b[K-Wunused-parameter\x1b[m\x1b[K]\n'}
[22.782550] (sllidar_ros2) StderrLine: {'line': b'   56 |  virtual void onDecodingError(int errMsg, _u8 ansType, \x1b[01;35m\x1b[Kconst void* payload\x1b[m\x1b[K, size_t size) {}\n'}
[22.782960] (sllidar_ros2) StderrLine: {'line': b'      |                                                        \x1b[01;35m\x1b[K~~~~~~~~~~~~^~~~~~~\x1b[m\x1b[K\n'}
[22.783412] (sllidar_ros2) StderrLine: {'line': b'\x1b[01m\x1b[K/root/ros2_ws/src/sllidar_ros2/sdk/src/dataunpacker/unpacker/../dataunpacker.h:56:84:\x1b[m\x1b[K \x1b[01;35m\x1b[Kwarning: \x1b[m\x1b[Kunused parameter \xe2\x80\x98\x1b[01m\x1b[Ksize\x1b[m\x1b[K\xe2\x80\x99 [\x1b[01;35m\x1b[K-Wunused-parameter\x1b[m\x1b[K]\n'}
[22.783912] (sllidar_ros2) StderrLine: {'line': b'   56 |  virtual void onDecodingError(int errMsg, _u8 ansType, const void* payload, \x1b[01;35m\x1b[Ksize_t size\x1b[m\x1b[K) {}\n'}
[22.803521] (sllidar_ros2) StderrLine: {'line': b'      |                                                                             \x1b[01;35m\x1b[K~~~~~~~^~~~\x1b[m\x1b[K\n'}
[22.820998] (-) TimerEvent: {}
[22.921706] (-) TimerEvent: {}
[23.022464] (-) TimerEvent: {}
[23.126811] (-) TimerEvent: {}
[23.233151] (-) TimerEvent: {}
[23.278092] (vesc_msgs) StdoutLine: {'line': b"Compiling '/root/ros2_ws/install/vesc_msgs/lib/python3.8/site-packages/vesc_msgs/__init__.py'...\n"}
[23.333485] (-) TimerEvent: {}
[23.340622] (vesc_msgs) StdoutLine: {'line': b'-- Up-to-date: /root/ros2_ws/install/vesc_msgs/share/vesc_msgs/cmake/vesc_msgs__rosidl_generator_cExport.cmake\n'}
[23.347745] (vesc_msgs) StdoutLine: {'line': b'-- Installing: /root/ros2_ws/install/vesc_msgs/share/vesc_msgs/cmake/vesc_msgs__rosidl_generator_cExport-noconfig.cmake\n'}
[23.384038] (vesc_msgs) StdoutLine: {'line': b'-- Up-to-date: /root/ros2_ws/install/vesc_msgs/share/vesc_msgs/cmake/vesc_msgs__rosidl_typesupport_introspection_cExport.cmake\n'}
[23.387604] (vesc_msgs) StdoutLine: {'line': b'-- Installing: /root/ros2_ws/install/vesc_msgs/share/vesc_msgs/cmake/vesc_msgs__rosidl_typesupport_introspection_cExport-noconfig.cmake\n'}
[23.397324] (vesc_msgs) StdoutLine: {'line': b'-- Up-to-date: /root/ros2_ws/install/vesc_msgs/share/vesc_msgs/cmake/vesc_msgs__rosidl_typesupport_cExport.cmake\n'}
[23.398252] (vesc_msgs) StdoutLine: {'line': b'-- Installing: /root/ros2_ws/install/vesc_msgs/share/vesc_msgs/cmake/vesc_msgs__rosidl_typesupport_cExport-noconfig.cmake\n'}
[23.413655] (vesc_msgs) StdoutLine: {'line': b'-- Up-to-date: /root/ros2_ws/install/vesc_msgs/share/vesc_msgs/cmake/vesc_msgs__rosidl_generator_cppExport.cmake\n'}
[23.417470] (vesc_msgs) StdoutLine: {'line': b'-- Up-to-date: /root/ros2_ws/install/vesc_msgs/share/vesc_msgs/cmake/vesc_msgs__rosidl_typesupport_introspection_cppExport.cmake\n'}
[23.420955] (vesc_msgs) StdoutLine: {'line': b'-- Installing: /root/ros2_ws/install/vesc_msgs/share/vesc_msgs/cmake/vesc_msgs__rosidl_typesupport_introspection_cppExport-noconfig.cmake\n'}
[23.433670] (-) TimerEvent: {}
[23.456008] (vesc_msgs) StdoutLine: {'line': b'-- Up-to-date: /root/ros2_ws/install/vesc_msgs/share/vesc_msgs/cmake/vesc_msgs__rosidl_typesupport_cppExport.cmake\n'}
[23.456658] (vesc_msgs) StdoutLine: {'line': b'-- Installing: /root/ros2_ws/install/vesc_msgs/share/vesc_msgs/cmake/vesc_msgs__rosidl_typesupport_cppExport-noconfig.cmake\n'}
[23.467680] (sllidar_ros2) StdoutLine: {'line': b'[ 55%] \x1b[32mBuilding CXX object CMakeFiles/sllidar_node.dir/sdk/src/rplidar_driver.cpp.o\x1b[0m\n'}
[23.474503] (vesc_msgs) CommandEnded: {'returncode': 0}
[23.533904] (-) TimerEvent: {}
[23.644991] (-) TimerEvent: {}
[23.746983] (-) TimerEvent: {}
[23.848240] (-) TimerEvent: {}
[23.949674] (-) TimerEvent: {}
[24.050648] (-) TimerEvent: {}
[24.151496] (-) TimerEvent: {}
[24.255577] (-) TimerEvent: {}
[24.356341] (-) TimerEvent: {}
[24.458553] (-) TimerEvent: {}
[24.518861] (sllidar_ros2) StderrLine: {'line': b'In file included from \x1b[01m\x1b[K/root/ros2_ws/src/sllidar_ros2/./sdk/include/rplidar_protocol.h:36\x1b[m\x1b[K,\n'}
[24.520394] (sllidar_ros2) StderrLine: {'line': b'                 from \x1b[01m\x1b[K/root/ros2_ws/src/sllidar_ros2/./sdk/include/rplidar.h:39\x1b[m\x1b[K,\n'}
[24.521356] (sllidar_ros2) StderrLine: {'line': b'                 from \x1b[01m\x1b[K/root/ros2_ws/src/sllidar_ros2/./sdk/src/sdkcommon.h:49\x1b[m\x1b[K,\n'}
[24.522161] (sllidar_ros2) StderrLine: {'line': b'                 from \x1b[01m\x1b[K/root/ros2_ws/src/sllidar_ros2/sdk/src/hal/thread.cpp:35\x1b[m\x1b[K:\n'}
[24.523025] (sllidar_ros2) StderrLine: {'line': b'\x1b[01m\x1b[K/root/ros2_ws/src/sllidar_ros2/./sdk/include/sl_lidar_protocol.h:66:16:\x1b[m\x1b[K \x1b[01;35m\x1b[Kwarning: \x1b[m\x1b[KISO C++ forbids zero-size array \xe2\x80\x98\x1b[01m\x1b[Kdata\x1b[m\x1b[K\xe2\x80\x99 [\x1b[01;35m\x1b[K-Wpedantic\x1b[m\x1b[K]\n'}
[24.523863] (sllidar_ros2) StderrLine: {'line': b'   66 |     sl_u8 data[\x1b[01;35m\x1b[K0\x1b[m\x1b[K];\n'}
[24.524656] (sllidar_ros2) StderrLine: {'line': b'      |                \x1b[01;35m\x1b[K^\x1b[m\x1b[K\n'}
[24.528507] (sllidar_ros2) StderrLine: {'line': b'In file included from \x1b[01m\x1b[K/root/ros2_ws/src/sllidar_ros2/./sdk/include/rplidar_cmd.h:36\x1b[m\x1b[K,\n'}
[24.529484] (sllidar_ros2) StderrLine: {'line': b'                 from \x1b[01m\x1b[K/root/ros2_ws/src/sllidar_ros2/./sdk/include/rplidar.h:40\x1b[m\x1b[K,\n'}
[24.530310] (sllidar_ros2) StderrLine: {'line': b'                 from \x1b[01m\x1b[K/root/ros2_ws/src/sllidar_ros2/./sdk/src/sdkcommon.h:49\x1b[m\x1b[K,\n'}
[24.531122] (sllidar_ros2) StderrLine: {'line': b'                 from \x1b[01m\x1b[K/root/ros2_ws/src/sllidar_ros2/sdk/src/hal/thread.cpp:35\x1b[m\x1b[K:\n'}
[24.531970] (sllidar_ros2) StderrLine: {'line': b'\x1b[01m\x1b[K/root/ros2_ws/src/sllidar_ros2/./sdk/include/sl_lidar_cmd.h:324:20:\x1b[m\x1b[K \x1b[01;35m\x1b[Kwarning: \x1b[m\x1b[KISO C++ forbids zero-size array \xe2\x80\x98\x1b[01m\x1b[Kpayload\x1b[m\x1b[K\xe2\x80\x99 [\x1b[01;35m\x1b[K-Wpedantic\x1b[m\x1b[K]\n'}
[24.532812] (sllidar_ros2) StderrLine: {'line': b'  324 |     sl_u8  payload[\x1b[01;35m\x1b[K0\x1b[m\x1b[K];\n'}
[24.533618] (sllidar_ros2) StderrLine: {'line': b'      |                    \x1b[01;35m\x1b[K^\x1b[m\x1b[K\n'}
[24.558747] (-) TimerEvent: {}
[24.659511] (-) TimerEvent: {}
[24.763227] (-) TimerEvent: {}
[24.864534] (-) TimerEvent: {}
[24.882616] (sllidar_ros2) StderrLine: {'line': b'In file included from \x1b[01m\x1b[K/root/ros2_ws/src/sllidar_ros2/sdk/src/hal/thread.cpp:43\x1b[m\x1b[K:\n'}
[24.883330] (sllidar_ros2) StderrLine: {'line': b'\x1b[01m\x1b[K/root/ros2_ws/src/sllidar_ros2/./sdk/src/arch/linux/thread.hpp:\x1b[m\x1b[K In static member function \xe2\x80\x98\x1b[01m\x1b[Kstatic rp::hal::Thread rp::hal::Thread::create(thread_proc_t, void*)\x1b[m\x1b[K\xe2\x80\x99:\n'}
[24.883910] (sllidar_ros2) StderrLine: {'line': b'\x1b[01m\x1b[K/root/ros2_ws/src/sllidar_ros2/./sdk/src/arch/linux/thread.hpp:52:77:\x1b[m\x1b[K \x1b[01;35m\x1b[Kwarning: \x1b[m\x1b[Kcast between incompatible function types from \xe2\x80\x98\x1b[01m\x1b[Kthread_proc_t\x1b[m\x1b[K\xe2\x80\x99 {aka \xe2\x80\x98\x1b[01m\x1b[Klong unsigned int (*)(void*)\x1b[m\x1b[K\xe2\x80\x99} to \xe2\x80\x98\x1b[01m\x1b[Kvoid* (*)(void*)\x1b[m\x1b[K\xe2\x80\x99 [\x1b[01;35m\x1b[K-Wcast-function-type\x1b[m\x1b[K]\n'}
[24.884501] (sllidar_ros2) StderrLine: {'line': b'   52 |     pthread_create((pthread_t *)&newborn._handle, NULL, (void * (*)(void *))\x1b[01;35m\x1b[Kproc\x1b[m\x1b[K, data);\n'}
[24.885013] (sllidar_ros2) StderrLine: {'line': b'      |                                                                             \x1b[01;35m\x1b[K^~~~\x1b[m\x1b[K\n'}
[24.887950] (sllidar_ros2) StderrLine: {'line': b'\x1b[01m\x1b[K/root/ros2_ws/src/sllidar_ros2/./sdk/src/arch/linux/thread.hpp:\x1b[m\x1b[K In member function \xe2\x80\x98\x1b[01m\x1b[Ku_result rp::hal::Thread::join(long unsigned int)\x1b[m\x1b[K\xe2\x80\x99:\n'}
[24.888981] (sllidar_ros2) StderrLine: {'line': b'\x1b[01m\x1b[K/root/ros2_ws/src/sllidar_ros2/./sdk/src/arch/linux/thread.hpp:176:37:\x1b[m\x1b[K \x1b[01;35m\x1b[Kwarning: \x1b[m\x1b[Kunused parameter \xe2\x80\x98\x1b[01m\x1b[Ktimeout\x1b[m\x1b[K\xe2\x80\x99 [\x1b[01;35m\x1b[K-Wunused-parameter\x1b[m\x1b[K]\n'}
[24.889804] (sllidar_ros2) StderrLine: {'line': b'  176 | u_result Thread::join(\x1b[01;35m\x1b[Kunsigned long timeout\x1b[m\x1b[K)\n'}
[24.890601] (sllidar_ros2) StderrLine: {'line': b'      |                       \x1b[01;35m\x1b[K~~~~~~~~~~~~~~^~~~~~~\x1b[m\x1b[K\n'}
[24.964715] (-) TimerEvent: {}
[25.066415] (-) TimerEvent: {}
[25.167409] (-) TimerEvent: {}
[25.261311] (sllidar_ros2) StdoutLine: {'line': b'[ 60%] \x1b[32mBuilding CXX object CMakeFiles/sllidar_node.dir/sdk/src/sl_async_transceiver.cpp.o\x1b[0m\n'}
[25.267575] (-) TimerEvent: {}
[25.307191] (sllidar_ros2) StderrLine: {'line': b'In file included from \x1b[01m\x1b[K/root/ros2_ws/src/sllidar_ros2/./sdk/include/rplidar_protocol.h:36\x1b[m\x1b[K,\n'}
[25.307894] (sllidar_ros2) StderrLine: {'line': b'                 from \x1b[01m\x1b[K/root/ros2_ws/src/sllidar_ros2/./sdk/include/rplidar.h:39\x1b[m\x1b[K,\n'}
[25.308473] (sllidar_ros2) StderrLine: {'line': b'                 from \x1b[01m\x1b[K/root/ros2_ws/src/sllidar_ros2/sdk/src/sdkcommon.h:49\x1b[m\x1b[K,\n'}
[25.309147] (sllidar_ros2) StderrLine: {'line': b'                 from \x1b[01m\x1b[K/root/ros2_ws/src/sllidar_ros2/sdk/src/rplidar_driver.cpp:33\x1b[m\x1b[K:\n'}
[25.309709] (sllidar_ros2) StderrLine: {'line': b'\x1b[01m\x1b[K/root/ros2_ws/src/sllidar_ros2/./sdk/include/sl_lidar_protocol.h:66:16:\x1b[m\x1b[K \x1b[01;35m\x1b[Kwarning: \x1b[m\x1b[KISO C++ forbids zero-size array \xe2\x80\x98\x1b[01m\x1b[Kdata\x1b[m\x1b[K\xe2\x80\x99 [\x1b[01;35m\x1b[K-Wpedantic\x1b[m\x1b[K]\n'}
[25.310269] (sllidar_ros2) StderrLine: {'line': b'   66 |     sl_u8 data[\x1b[01;35m\x1b[K0\x1b[m\x1b[K];\n'}
[25.310774] (sllidar_ros2) StderrLine: {'line': b'      |                \x1b[01;35m\x1b[K^\x1b[m\x1b[K\n'}
[25.311304] (sllidar_ros2) StderrLine: {'line': b'In file included from \x1b[01m\x1b[K/root/ros2_ws/src/sllidar_ros2/./sdk/include/rplidar_cmd.h:36\x1b[m\x1b[K,\n'}
[25.311849] (sllidar_ros2) StderrLine: {'line': b'                 from \x1b[01m\x1b[K/root/ros2_ws/src/sllidar_ros2/./sdk/include/rplidar.h:40\x1b[m\x1b[K,\n'}
[25.312398] (sllidar_ros2) StderrLine: {'line': b'                 from \x1b[01m\x1b[K/root/ros2_ws/src/sllidar_ros2/sdk/src/sdkcommon.h:49\x1b[m\x1b[K,\n'}
[25.313513] (sllidar_ros2) StderrLine: {'line': b'                 from \x1b[01m\x1b[K/root/ros2_ws/src/sllidar_ros2/sdk/src/rplidar_driver.cpp:33\x1b[m\x1b[K:\n'}
[25.314127] (sllidar_ros2) StderrLine: {'line': b'\x1b[01m\x1b[K/root/ros2_ws/src/sllidar_ros2/./sdk/include/sl_lidar_cmd.h:324:20:\x1b[m\x1b[K \x1b[01;35m\x1b[Kwarning: \x1b[m\x1b[KISO C++ forbids zero-size array \xe2\x80\x98\x1b[01m\x1b[Kpayload\x1b[m\x1b[K\xe2\x80\x99 [\x1b[01;35m\x1b[K-Wpedantic\x1b[m\x1b[K]\n'}
[25.314693] (sllidar_ros2) StderrLine: {'line': b'  324 |     sl_u8  payload[\x1b[01;35m\x1b[K0\x1b[m\x1b[K];\n'}
[25.315239] (sllidar_ros2) StderrLine: {'line': b'      |                    \x1b[01;35m\x1b[K^\x1b[m\x1b[K\n'}
[25.367844] (-) TimerEvent: {}
[25.468814] (-) TimerEvent: {}
[25.569682] (-) TimerEvent: {}
[25.670674] (-) TimerEvent: {}
[25.711097] (sllidar_ros2) StderrLine: {'line': b'\x1b[01m\x1b[K/root/ros2_ws/src/sllidar_ros2/sdk/src/rplidar_driver.cpp:\x1b[m\x1b[K In member function \xe2\x80\x98\x1b[01m\x1b[Ku_result rp::standalone::rplidar::RPlidarDriver::connect(const char*, _u32, _u32)\x1b[m\x1b[K\xe2\x80\x99:\n'}
[25.711789] (sllidar_ros2) StderrLine: {'line': b'\x1b[01m\x1b[K/root/ros2_ws/src/sllidar_ros2/sdk/src/rplidar_driver.cpp:67:77:\x1b[m\x1b[K \x1b[01;35m\x1b[Kwarning: \x1b[m\x1b[Kunused parameter \xe2\x80\x98\x1b[01m\x1b[Kflag\x1b[m\x1b[K\xe2\x80\x99 [\x1b[01;35m\x1b[K-Wunused-parameter\x1b[m\x1b[K]\n'}
[25.712310] (sllidar_ros2) StderrLine: {'line': b'   67 |     u_result RPlidarDriver::connect(const char *path, _u32 portOrBaud, \x1b[01;35m\x1b[K_u32 flag\x1b[m\x1b[K)\n'}
[25.712827] (sllidar_ros2) StderrLine: {'line': b'      |                                                                        \x1b[01;35m\x1b[K~~~~~^~~~\x1b[m\x1b[K\n'}
[25.713604] (sllidar_ros2) StderrLine: {'line': b'\x1b[01m\x1b[K/root/ros2_ws/src/sllidar_ros2/sdk/src/rplidar_driver.cpp:\x1b[m\x1b[K In member function \xe2\x80\x98\x1b[01m\x1b[Ku_result rp::standalone::rplidar::RPlidarDriver::reset(_u32)\x1b[m\x1b[K\xe2\x80\x99:\n'}
[25.714120] (sllidar_ros2) StderrLine: {'line': b'\x1b[01m\x1b[K/root/ros2_ws/src/sllidar_ros2/sdk/src/rplidar_driver.cpp:101:40:\x1b[m\x1b[K \x1b[01;35m\x1b[Kwarning: \x1b[m\x1b[Kunused parameter \xe2\x80\x98\x1b[01m\x1b[Ktimeout\x1b[m\x1b[K\xe2\x80\x99 [\x1b[01;35m\x1b[K-Wunused-parameter\x1b[m\x1b[K]\n'}
[25.714602] (sllidar_ros2) StderrLine: {'line': b'  101 |     u_result RPlidarDriver::reset(\x1b[01;35m\x1b[K_u32 timeout\x1b[m\x1b[K)\n'}
[25.715058] (sllidar_ros2) StderrLine: {'line': b'      |                                   \x1b[01;35m\x1b[K~~~~~^~~~~~~\x1b[m\x1b[K\n'}
[25.716628] (sllidar_ros2) StderrLine: {'line': b'\x1b[01m\x1b[K/root/ros2_ws/src/sllidar_ros2/sdk/src/rplidar_driver.cpp:\x1b[m\x1b[K In member function \xe2\x80\x98\x1b[01m\x1b[Ku_result rp::standalone::rplidar::RPlidarDriver::getScanDataWithInterval(rplidar_response_measurement_node_t*, size_t&)\x1b[m\x1b[K\xe2\x80\x99:\n'}
[25.717667] (sllidar_ros2) StderrLine: {'line': b'\x1b[01m\x1b[K/root/ros2_ws/src/sllidar_ros2/sdk/src/rplidar_driver.cpp:180:91:\x1b[m\x1b[K \x1b[01;35m\x1b[Kwarning: \x1b[m\x1b[Kunused parameter \xe2\x80\x98\x1b[01m\x1b[Knodebuffer\x1b[m\x1b[K\xe2\x80\x99 [\x1b[01;35m\x1b[K-Wunused-parameter\x1b[m\x1b[K]\n'}
[25.718483] (sllidar_ros2) StderrLine: {'line': b'  180 |     u_result RPlidarDriver::getScanDataWithInterval(\x1b[01;35m\x1b[Krplidar_response_measurement_node_t * nodebuffer\x1b[m\x1b[K, size_t & count)\n'}
[25.719789] (sllidar_ros2) StderrLine: {'line': b'      |                                                     \x1b[01;35m\x1b[K~~~~~~~~~~~~~~~~~~~~~~~~~~~~~~~~~~~~~~^~~~~~~~~~\x1b[m\x1b[K\n'}
[25.720723] (sllidar_ros2) StderrLine: {'line': b'\x1b[01m\x1b[K/root/ros2_ws/src/sllidar_ros2/sdk/src/rplidar_driver.cpp:180:112:\x1b[m\x1b[K \x1b[01;35m\x1b[Kwarning: \x1b[m\x1b[Kunused parameter \xe2\x80\x98\x1b[01m\x1b[Kcount\x1b[m\x1b[K\xe2\x80\x99 [\x1b[01;35m\x1b[K-Wunused-parameter\x1b[m\x1b[K]\n'}
[25.721686] (sllidar_ros2) StderrLine: {'line': b'  180 |     u_result RPlidarDriver::getScanDataWithInterval(rplidar_response_measurement_node_t * nodebuffer, \x1b[01;35m\x1b[Ksize_t & count\x1b[m\x1b[K)\n'}
[25.722492] (sllidar_ros2) StderrLine: {'line': b'      |                                                                                                       \x1b[01;35m\x1b[K~~~~~~~~~^~~~~\x1b[m\x1b[K\n'}
[25.770851] (-) TimerEvent: {}
[25.871662] (-) TimerEvent: {}
[25.974761] (-) TimerEvent: {}
[26.080948] (-) TimerEvent: {}
[26.181837] (-) TimerEvent: {}
[26.205011] (sllidar_ros2) StdoutLine: {'line': b'[ 65%] \x1b[32mBuilding CXX object CMakeFiles/sllidar_node.dir/sdk/src/sl_crc.cpp.o\x1b[0m\n'}
[26.257120] (vesc_msgs) JobEnded: {'identifier': 'vesc_msgs', 'rc': 0}
[26.266825] (vesc_ackermann) JobStarted: {'identifier': 'vesc_ackermann'}
[26.287712] (-) TimerEvent: {}
[26.345513] (sllidar_ros2) StderrLine: {'line': b'In file included from \x1b[01m\x1b[K/root/ros2_ws/src/sllidar_ros2/./sdk/include/sl_lidar_cmd.h:41\x1b[m\x1b[K,\n'}
[26.346472] (sllidar_ros2) StderrLine: {'line': b'                 from \x1b[01m\x1b[K/root/ros2_ws/src/sllidar_ros2/./sdk/include/sl_crc.h:36\x1b[m\x1b[K,\n'}
[26.347477] (sllidar_ros2) StderrLine: {'line': b'                 from \x1b[01m\x1b[K/root/ros2_ws/src/sllidar_ros2/sdk/src/sl_crc.cpp:33\x1b[m\x1b[K:\n'}
[26.348281] (sllidar_ros2) StderrLine: {'line': b'\x1b[01m\x1b[K/root/ros2_ws/src/sllidar_ros2/./sdk/include/sl_lidar_protocol.h:66:16:\x1b[m\x1b[K \x1b[01;35m\x1b[Kwarning: \x1b[m\x1b[KISO C++ forbids zero-size array \xe2\x80\x98\x1b[01m\x1b[Kdata\x1b[m\x1b[K\xe2\x80\x99 [\x1b[01;35m\x1b[K-Wpedantic\x1b[m\x1b[K]\n'}
[26.350746] (sllidar_ros2) StderrLine: {'line': b'   66 |     sl_u8 data[\x1b[01;35m\x1b[K0\x1b[m\x1b[K];\n'}
[26.356948] (sllidar_ros2) StderrLine: {'line': b'      |                \x1b[01;35m\x1b[K^\x1b[m\x1b[K\n'}
[26.362172] (sllidar_ros2) StderrLine: {'line': b'In file included from \x1b[01m\x1b[K/root/ros2_ws/src/sllidar_ros2/./sdk/include/sl_crc.h:36\x1b[m\x1b[K,\n'}
[26.363117] (sllidar_ros2) StderrLine: {'line': b'                 from \x1b[01m\x1b[K/root/ros2_ws/src/sllidar_ros2/sdk/src/sl_crc.cpp:33\x1b[m\x1b[K:\n'}
[26.363670] (sllidar_ros2) StderrLine: {'line': b'\x1b[01m\x1b[K/root/ros2_ws/src/sllidar_ros2/./sdk/include/sl_lidar_cmd.h:324:20:\x1b[m\x1b[K \x1b[01;35m\x1b[Kwarning: \x1b[m\x1b[KISO C++ forbids zero-size array \xe2\x80\x98\x1b[01m\x1b[Kpayload\x1b[m\x1b[K\xe2\x80\x99 [\x1b[01;35m\x1b[K-Wpedantic\x1b[m\x1b[K]\n'}
[26.364152] (sllidar_ros2) StderrLine: {'line': b'  324 |     sl_u8  payload[\x1b[01;35m\x1b[K0\x1b[m\x1b[K];\n'}
[26.364598] (sllidar_ros2) StderrLine: {'line': b'      |                    \x1b[01;35m\x1b[K^\x1b[m\x1b[K\n'}
[26.392612] (-) TimerEvent: {}
[26.421934] (vesc_driver) JobStarted: {'identifier': 'vesc_driver'}
[26.495428] (-) TimerEvent: {}
[26.514204] (sllidar_ros2) StdoutLine: {'line': b'[ 70%] \x1b[32mBuilding CXX object CMakeFiles/sllidar_node.dir/sdk/src/sl_lidar_driver.cpp.o\x1b[0m\n'}
[26.528212] (vesc_ackermann) JobProgress: {'identifier': 'vesc_ackermann', 'progress': 'cmake'}
[26.534156] (vesc_ackermann) Command: {'cmd': ['/usr/bin/cmake', '/root/ros2_ws/src/vesc/vesc_ackermann', '-DAMENT_CMAKE_SYMLINK_INSTALL=1', '-DCMAKE_INSTALL_PREFIX=/root/ros2_ws/install/vesc_ackermann'], 'cwd': '/root/ros2_ws/build/vesc_ackermann', 'env': OrderedDict([('HOSTNAME', 'lmk-desktop'), ('SHLVL', '1'), ('LD_LIBRARY_PATH', '/root/ros2_ws/install/vesc_msgs/lib:/root/ros2_ws/install/vesc_driver/lib:/root/ros2_ws/install/vesc_ackermann/lib:/opt/ros/foxy/opt/yaml_cpp_vendor/lib:/opt/ros/foxy/opt/rviz_ogre_vendor/lib:/opt/ros/foxy/lib/aarch64-linux-gnu:/opt/ros/foxy/lib'), ('HOME', '/root'), ('OLDPWD', '/root/ros2_ws/src'), ('ROS_PYTHON_VERSION', '3'), ('COLCON_PREFIX_PATH', '/root/ros2_ws/install:/root/install'), ('ROS_DISTRO', 'foxy'), ('_', '/usr/bin/colcon'), ('ROS_VERSION', '2'), ('TERM', 'xterm'), ('ROS_LOCALHOST_ONLY', '0'), ('PATH', '/opt/ros/foxy/bin:/usr/local/sbin:/usr/local/bin:/usr/sbin:/usr/bin:/sbin:/bin'), ('DISPLAY', ':0'), ('LANG', 'C.UTF-8'), ('LS_COLORS', 'rs=0:di=01;34:ln=01;36:mh=00:pi=40;33:so=01;35:do=01;35:bd=40;33;01:cd=40;33;01:or=40;31;01:mi=00:su=37;41:sg=30;43:ca=30;41:tw=30;42:ow=34;42:st=37;44:ex=01;32:*.tar=01;31:*.tgz=01;31:*.arc=01;31:*.arj=01;31:*.taz=01;31:*.lha=01;31:*.lz4=01;31:*.lzh=01;31:*.lzma=01;31:*.tlz=01;31:*.txz=01;31:*.tzo=01;31:*.t7z=01;31:*.zip=01;31:*.z=01;31:*.dz=01;31:*.gz=01;31:*.lrz=01;31:*.lz=01;31:*.lzo=01;31:*.xz=01;31:*.zst=01;31:*.tzst=01;31:*.bz2=01;31:*.bz=01;31:*.tbz=01;31:*.tbz2=01;31:*.tz=01;31:*.deb=01;31:*.rpm=01;31:*.jar=01;31:*.war=01;31:*.ear=01;31:*.sar=01;31:*.rar=01;31:*.alz=01;31:*.ace=01;31:*.zoo=01;31:*.cpio=01;31:*.7z=01;31:*.rz=01;31:*.cab=01;31:*.wim=01;31:*.swm=01;31:*.dwm=01;31:*.esd=01;31:*.jpg=01;35:*.jpeg=01;35:*.mjpg=01;35:*.mjpeg=01;35:*.gif=01;35:*.bmp=01;35:*.pbm=01;35:*.pgm=01;35:*.ppm=01;35:*.tga=01;35:*.xbm=01;35:*.xpm=01;35:*.tif=01;35:*.tiff=01;35:*.png=01;35:*.svg=01;35:*.svgz=01;35:*.mng=01;35:*.pcx=01;35:*.mov=01;35:*.mpg=01;35:*.mpeg=01;35:*.m2v=01;35:*.mkv=01;35:*.webm=01;35:*.ogm=01;35:*.mp4=01;35:*.m4v=01;35:*.mp4v=01;35:*.vob=01;35:*.qt=01;35:*.nuv=01;35:*.wmv=01;35:*.asf=01;35:*.rm=01;35:*.rmvb=01;35:*.flc=01;35:*.avi=01;35:*.fli=01;35:*.flv=01;35:*.gl=01;35:*.dl=01;35:*.xcf=01;35:*.xwd=01;35:*.yuv=01;35:*.cgm=01;35:*.emf=01;35:*.ogv=01;35:*.ogx=01;35:*.aac=00;36:*.au=00;36:*.flac=00;36:*.m4a=00;36:*.mid=00;36:*.midi=00;36:*.mka=00;36:*.mp3=00;36:*.mpc=00;36:*.ogg=00;36:*.ra=00;36:*.wav=00;36:*.oga=00;36:*.opus=00;36:*.spx=00;36:*.xspf=00;36:'), ('AMENT_PREFIX_PATH', '/root/ros2_ws/install/vesc:/root/ros2_ws/install/vesc_driver:/root/ros2_ws/install/vesc_ackermann:/root/ros2_ws/install/vesc_msgs:/root/ros2_ws/install/my_f1tenth_pkg:/opt/ros/foxy'), ('PWD', '/root/ros2_ws/build/vesc_ackermann'), ('LC_ALL', 'C.UTF-8'), ('PYTHONPATH', '/root/ros2_ws/install/vesc_msgs/lib/python3.8/site-packages:/root/ros2_ws/install/my_f1tenth_pkg/lib/python3.8/site-packages:/opt/ros/foxy/lib/python3.8/site-packages'), ('COLCON', '1'), ('CMAKE_PREFIX_PATH', '/root/ros2_ws/install/vesc_msgs:/root/ros2_ws/install/vesc:/root/ros2_ws/install/vesc_driver:/root/ros2_ws/install/vesc_ackermann:/root/ros2_ws/install/my_f1tenth_pkg:/opt/ros/foxy')]), 'shell': False}
[26.574931] (vesc_driver) JobProgress: {'identifier': 'vesc_driver', 'progress': 'cmake'}
[26.581179] (vesc_driver) Command: {'cmd': ['/usr/bin/cmake', '/root/ros2_ws/src/vesc/vesc_driver', '-DAMENT_CMAKE_SYMLINK_INSTALL=1', '-DCMAKE_INSTALL_PREFIX=/root/ros2_ws/install/vesc_driver'], 'cwd': '/root/ros2_ws/build/vesc_driver', 'env': OrderedDict([('HOSTNAME', 'lmk-desktop'), ('SHLVL', '1'), ('LD_LIBRARY_PATH', '/root/ros2_ws/install/vesc_msgs/lib:/root/ros2_ws/install/vesc_driver/lib:/root/ros2_ws/install/vesc_ackermann/lib:/opt/ros/foxy/opt/yaml_cpp_vendor/lib:/opt/ros/foxy/opt/rviz_ogre_vendor/lib:/opt/ros/foxy/lib/aarch64-linux-gnu:/opt/ros/foxy/lib'), ('HOME', '/root'), ('OLDPWD', '/root/ros2_ws/src'), ('ROS_PYTHON_VERSION', '3'), ('COLCON_PREFIX_PATH', '/root/ros2_ws/install:/root/install'), ('ROS_DISTRO', 'foxy'), ('_', '/usr/bin/colcon'), ('ROS_VERSION', '2'), ('TERM', 'xterm'), ('ROS_LOCALHOST_ONLY', '0'), ('PATH', '/opt/ros/foxy/bin:/usr/local/sbin:/usr/local/bin:/usr/sbin:/usr/bin:/sbin:/bin'), ('DISPLAY', ':0'), ('LANG', 'C.UTF-8'), ('LS_COLORS', 'rs=0:di=01;34:ln=01;36:mh=00:pi=40;33:so=01;35:do=01;35:bd=40;33;01:cd=40;33;01:or=40;31;01:mi=00:su=37;41:sg=30;43:ca=30;41:tw=30;42:ow=34;42:st=37;44:ex=01;32:*.tar=01;31:*.tgz=01;31:*.arc=01;31:*.arj=01;31:*.taz=01;31:*.lha=01;31:*.lz4=01;31:*.lzh=01;31:*.lzma=01;31:*.tlz=01;31:*.txz=01;31:*.tzo=01;31:*.t7z=01;31:*.zip=01;31:*.z=01;31:*.dz=01;31:*.gz=01;31:*.lrz=01;31:*.lz=01;31:*.lzo=01;31:*.xz=01;31:*.zst=01;31:*.tzst=01;31:*.bz2=01;31:*.bz=01;31:*.tbz=01;31:*.tbz2=01;31:*.tz=01;31:*.deb=01;31:*.rpm=01;31:*.jar=01;31:*.war=01;31:*.ear=01;31:*.sar=01;31:*.rar=01;31:*.alz=01;31:*.ace=01;31:*.zoo=01;31:*.cpio=01;31:*.7z=01;31:*.rz=01;31:*.cab=01;31:*.wim=01;31:*.swm=01;31:*.dwm=01;31:*.esd=01;31:*.jpg=01;35:*.jpeg=01;35:*.mjpg=01;35:*.mjpeg=01;35:*.gif=01;35:*.bmp=01;35:*.pbm=01;35:*.pgm=01;35:*.ppm=01;35:*.tga=01;35:*.xbm=01;35:*.xpm=01;35:*.tif=01;35:*.tiff=01;35:*.png=01;35:*.svg=01;35:*.svgz=01;35:*.mng=01;35:*.pcx=01;35:*.mov=01;35:*.mpg=01;35:*.mpeg=01;35:*.m2v=01;35:*.mkv=01;35:*.webm=01;35:*.ogm=01;35:*.mp4=01;35:*.m4v=01;35:*.mp4v=01;35:*.vob=01;35:*.qt=01;35:*.nuv=01;35:*.wmv=01;35:*.asf=01;35:*.rm=01;35:*.rmvb=01;35:*.flc=01;35:*.avi=01;35:*.fli=01;35:*.flv=01;35:*.gl=01;35:*.dl=01;35:*.xcf=01;35:*.xwd=01;35:*.yuv=01;35:*.cgm=01;35:*.emf=01;35:*.ogv=01;35:*.ogx=01;35:*.aac=00;36:*.au=00;36:*.flac=00;36:*.m4a=00;36:*.mid=00;36:*.midi=00;36:*.mka=00;36:*.mp3=00;36:*.mpc=00;36:*.ogg=00;36:*.ra=00;36:*.wav=00;36:*.oga=00;36:*.opus=00;36:*.spx=00;36:*.xspf=00;36:'), ('AMENT_PREFIX_PATH', '/root/ros2_ws/install/vesc:/root/ros2_ws/install/vesc_driver:/root/ros2_ws/install/vesc_ackermann:/root/ros2_ws/install/vesc_msgs:/root/ros2_ws/install/my_f1tenth_pkg:/opt/ros/foxy'), ('PWD', '/root/ros2_ws/build/vesc_driver'), ('LC_ALL', 'C.UTF-8'), ('PYTHONPATH', '/root/ros2_ws/install/vesc_msgs/lib/python3.8/site-packages:/root/ros2_ws/install/my_f1tenth_pkg/lib/python3.8/site-packages:/opt/ros/foxy/lib/python3.8/site-packages'), ('COLCON', '1'), ('CMAKE_PREFIX_PATH', '/root/ros2_ws/install/vesc_msgs:/root/ros2_ws/install/vesc:/root/ros2_ws/install/vesc_driver:/root/ros2_ws/install/vesc_ackermann:/root/ros2_ws/install/my_f1tenth_pkg:/opt/ros/foxy')]), 'shell': False}
[26.599331] (-) TimerEvent: {}
[26.688388] (vesc_ackermann) StdoutLine: {'line': b'-- Found ament_cmake_auto: 0.9.12 (/opt/ros/foxy/share/ament_cmake_auto/cmake)\n'}
[26.699297] (-) TimerEvent: {}
[26.719526] (vesc_driver) StdoutLine: {'line': b'-- Found ament_cmake_auto: 0.9.12 (/opt/ros/foxy/share/ament_cmake_auto/cmake)\n'}
[26.799477] (-) TimerEvent: {}
[26.900461] (-) TimerEvent: {}
[26.995697] (vesc_ackermann) StdoutLine: {'line': b'-- Using PYTHON_EXECUTABLE: /usr/bin/python3\n'}
[27.000637] (-) TimerEvent: {}
[27.043284] (sllidar_ros2) StderrLine: {'line': b'In file included from \x1b[01m\x1b[K/root/ros2_ws/src/sllidar_ros2/./sdk/include/rplidar_protocol.h:36\x1b[m\x1b[K,\n'}
[27.044272] (sllidar_ros2) StderrLine: {'line': b'                 from \x1b[01m\x1b[K/root/ros2_ws/src/sllidar_ros2/./sdk/include/rplidar.h:39\x1b[m\x1b[K,\n'}
[27.045209] (sllidar_ros2) StderrLine: {'line': b'                 from \x1b[01m\x1b[K/root/ros2_ws/src/sllidar_ros2/sdk/src/sdkcommon.h:49\x1b[m\x1b[K,\n'}
[27.046042] (sllidar_ros2) StderrLine: {'line': b'                 from \x1b[01m\x1b[K/root/ros2_ws/src/sllidar_ros2/sdk/src/sl_async_transceiver.cpp:35\x1b[m\x1b[K:\n'}
[27.046847] (sllidar_ros2) StderrLine: {'line': b'\x1b[01m\x1b[K/root/ros2_ws/src/sllidar_ros2/./sdk/include/sl_lidar_protocol.h:66:16:\x1b[m\x1b[K \x1b[01;35m\x1b[Kwarning: \x1b[m\x1b[KISO C++ forbids zero-size array \xe2\x80\x98\x1b[01m\x1b[Kdata\x1b[m\x1b[K\xe2\x80\x99 [\x1b[01;35m\x1b[K-Wpedantic\x1b[m\x1b[K]\n'}
[27.047652] (sllidar_ros2) StderrLine: {'line': b'   66 |     sl_u8 data[\x1b[01;35m\x1b[K0\x1b[m\x1b[K];\n'}
[27.048419] (sllidar_ros2) StderrLine: {'line': b'      |                \x1b[01;35m\x1b[K^\x1b[m\x1b[K\n'}
[27.053106] (sllidar_ros2) StderrLine: {'line': b'In file included from \x1b[01m\x1b[K/root/ros2_ws/src/sllidar_ros2/./sdk/include/rplidar_cmd.h:36\x1b[m\x1b[K,\n'}
[27.053996] (sllidar_ros2) StderrLine: {'line': b'                 from \x1b[01m\x1b[K/root/ros2_ws/src/sllidar_ros2/./sdk/include/rplidar.h:40\x1b[m\x1b[K,\n'}
[27.054868] (sllidar_ros2) StderrLine: {'line': b'                 from \x1b[01m\x1b[K/root/ros2_ws/src/sllidar_ros2/sdk/src/sdkcommon.h:49\x1b[m\x1b[K,\n'}
[27.055682] (sllidar_ros2) StderrLine: {'line': b'                 from \x1b[01m\x1b[K/root/ros2_ws/src/sllidar_ros2/sdk/src/sl_async_transceiver.cpp:35\x1b[m\x1b[K:\n'}
[27.056506] (sllidar_ros2) StderrLine: {'line': b'\x1b[01m\x1b[K/root/ros2_ws/src/sllidar_ros2/./sdk/include/sl_lidar_cmd.h:324:20:\x1b[m\x1b[K \x1b[01;35m\x1b[Kwarning: \x1b[m\x1b[KISO C++ forbids zero-size array \xe2\x80\x98\x1b[01m\x1b[Kpayload\x1b[m\x1b[K\xe2\x80\x99 [\x1b[01;35m\x1b[K-Wpedantic\x1b[m\x1b[K]\n'}
[27.057393] (sllidar_ros2) StderrLine: {'line': b'  324 |     sl_u8  payload[\x1b[01;35m\x1b[K0\x1b[m\x1b[K];\n'}
[27.058223] (sllidar_ros2) StderrLine: {'line': b'      |                    \x1b[01;35m\x1b[K^\x1b[m\x1b[K\n'}
[27.079325] (vesc_driver) StdoutLine: {'line': b'-- Using PYTHON_EXECUTABLE: /usr/bin/python3\n'}
[27.101158] (-) TimerEvent: {}
[27.208922] (-) TimerEvent: {}
[27.310548] (-) TimerEvent: {}
[27.412926] (-) TimerEvent: {}
[27.514002] (-) TimerEvent: {}
[27.617494] (-) TimerEvent: {}
[27.732899] (-) TimerEvent: {}
[27.840977] (-) TimerEvent: {}
[27.948910] (-) TimerEvent: {}
[28.021428] (sllidar_ros2) StderrLine: {'line': b'In file included from \x1b[01m\x1b[K/root/ros2_ws/src/sllidar_ros2/sdk/src/sl_async_transceiver.cpp:44\x1b[m\x1b[K:\n'}
[28.022085] (sllidar_ros2) StderrLine: {'line': b'\x1b[01m\x1b[K/root/ros2_ws/src/sllidar_ros2/sdk/src/sl_async_transceiver.h:\x1b[m\x1b[K In member function \xe2\x80\x98\x1b[01m\x1b[Kvirtual void sl::internal::IAsyncProtocolCodec::onChannelError(u_result)\x1b[m\x1b[K\xe2\x80\x99:\n'}
[28.022564] (sllidar_ros2) StderrLine: {'line': b'\x1b[01m\x1b[K/root/ros2_ws/src/sllidar_ros2/sdk/src/sl_async_transceiver.h:90:41:\x1b[m\x1b[K \x1b[01;35m\x1b[Kwarning: \x1b[m\x1b[Kunused parameter \xe2\x80\x98\x1b[01m\x1b[KerrCode\x1b[m\x1b[K\xe2\x80\x99 [\x1b[01;35m\x1b[K-Wunused-parameter\x1b[m\x1b[K]\n'}
[28.022989] (sllidar_ros2) StderrLine: {'line': b'   90 |  virtual void   onChannelError(\x1b[01;35m\x1b[Ku_result errCode\x1b[m\x1b[K) {}\n'}
[28.023430] (sllidar_ros2) StderrLine: {'line': b'      |                                \x1b[01;35m\x1b[K~~~~~~~~~^~~~~~~\x1b[m\x1b[K\n'}
[28.049066] (-) TimerEvent: {}
[28.151398] (-) TimerEvent: {}
[28.252137] (-) TimerEvent: {}
[28.354544] (-) TimerEvent: {}
[28.456927] (-) TimerEvent: {}
[28.557866] (-) TimerEvent: {}
[28.658627] (-) TimerEvent: {}
[28.759418] (-) TimerEvent: {}
[28.861810] (-) TimerEvent: {}
[28.963910] (-) TimerEvent: {}
[29.067102] (-) TimerEvent: {}
[29.094035] (vesc_ackermann) StdoutLine: {'line': b'-- Override CMake install command with custom implementation using symlinks instead of copying resources\n'}
[29.112518] (vesc_driver) StdoutLine: {'line': b'-- Override CMake install command with custom implementation using symlinks instead of copying resources\n'}
[29.167289] (-) TimerEvent: {}
[29.211487] (sllidar_ros2) StdoutLine: {'line': b'[ 75%] \x1b[32mBuilding CXX object CMakeFiles/sllidar_node.dir/sdk/src/sl_lidarprotocol_codec.cpp.o\x1b[0m\n'}
[29.267473] (-) TimerEvent: {}
[29.359230] (sllidar_ros2) StderrLine: {'line': b'In file included from \x1b[01m\x1b[K/root/ros2_ws/src/sllidar_ros2/./sdk/include/rplidar_protocol.h:36\x1b[m\x1b[K,\n'}
[29.360182] (sllidar_ros2) StderrLine: {'line': b'                 from \x1b[01m\x1b[K/root/ros2_ws/src/sllidar_ros2/./sdk/include/rplidar.h:39\x1b[m\x1b[K,\n'}
[29.365319] (sllidar_ros2) StderrLine: {'line': b'                 from \x1b[01m\x1b[K/root/ros2_ws/src/sllidar_ros2/sdk/src/sdkcommon.h:49\x1b[m\x1b[K,\n'}
[29.366239] (sllidar_ros2) StderrLine: {'line': b'                 from \x1b[01m\x1b[K/root/ros2_ws/src/sllidar_ros2/sdk/src/sl_lidar_driver.cpp:33\x1b[m\x1b[K:\n'}
[29.367075] (sllidar_ros2) StderrLine: {'line': b'\x1b[01m\x1b[K/root/ros2_ws/src/sllidar_ros2/./sdk/include/sl_lidar_protocol.h:66:16:\x1b[m\x1b[K \x1b[01;35m\x1b[Kwarning: \x1b[m\x1b[KISO C++ forbids zero-size array \xe2\x80\x98\x1b[01m\x1b[Kdata\x1b[m\x1b[K\xe2\x80\x99 [\x1b[01;35m\x1b[K-Wpedantic\x1b[m\x1b[K]\n'}
[29.367652] (-) TimerEvent: {}
[29.378093] (sllidar_ros2) StderrLine: {'line': b'   66 |     sl_u8 data[\x1b[01;35m\x1b[K0\x1b[m\x1b[K];\n'}
[29.378717] (sllidar_ros2) StderrLine: {'line': b'      |                \x1b[01;35m\x1b[K^\x1b[m\x1b[K\n'}
[29.379524] (sllidar_ros2) StderrLine: {'line': b'In file included from \x1b[01m\x1b[K/root/ros2_ws/src/sllidar_ros2/./sdk/include/rplidar_cmd.h:36\x1b[m\x1b[K,\n'}
[29.393175] (sllidar_ros2) StderrLine: {'line': b'                 from \x1b[01m\x1b[K/root/ros2_ws/src/sllidar_ros2/./sdk/include/rplidar.h:40\x1b[m\x1b[K,\n'}
[29.394148] (sllidar_ros2) StderrLine: {'line': b'                 from \x1b[01m\x1b[K/root/ros2_ws/src/sllidar_ros2/sdk/src/sdkcommon.h:49\x1b[m\x1b[K,\n'}
[29.395025] (sllidar_ros2) StderrLine: {'line': b'                 from \x1b[01m\x1b[K/root/ros2_ws/src/sllidar_ros2/sdk/src/sl_lidar_driver.cpp:33\x1b[m\x1b[K:\n'}
[29.395898] (sllidar_ros2) StderrLine: {'line': b'\x1b[01m\x1b[K/root/ros2_ws/src/sllidar_ros2/./sdk/include/sl_lidar_cmd.h:324:20:\x1b[m\x1b[K \x1b[01;35m\x1b[Kwarning: \x1b[m\x1b[KISO C++ forbids zero-size array \xe2\x80\x98\x1b[01m\x1b[Kpayload\x1b[m\x1b[K\xe2\x80\x99 [\x1b[01;35m\x1b[K-Wpedantic\x1b[m\x1b[K]\n'}
[29.397486] (sllidar_ros2) StderrLine: {'line': b'  324 |     sl_u8  payload[\x1b[01;35m\x1b[K0\x1b[m\x1b[K];\n'}
[29.398461] (sllidar_ros2) StderrLine: {'line': b'      |                    \x1b[01;35m\x1b[K^\x1b[m\x1b[K\n'}
[29.467843] (-) TimerEvent: {}
[29.570147] (-) TimerEvent: {}
[29.672589] (-) TimerEvent: {}
[29.774743] (-) TimerEvent: {}
[29.876964] (-) TimerEvent: {}
[29.979409] (-) TimerEvent: {}
[30.081467] (-) TimerEvent: {}
[30.182415] (-) TimerEvent: {}
[30.254094] (vesc_ackermann) StdoutLine: {'line': b'-- Using all available rosidl_typesupport_c: rosidl_typesupport_fastrtps_c;rosidl_typesupport_introspection_c\n'}
[30.282612] (-) TimerEvent: {}
[30.292478] (vesc_ackermann) StdoutLine: {'line': b'-- Found rosidl_adapter: 1.3.1 (/opt/ros/foxy/share/rosidl_adapter/cmake)\n'}
[30.310372] (sllidar_ros2) StderrLine: {'line': b'In file included from \x1b[01m\x1b[K/root/ros2_ws/src/sllidar_ros2/sdk/src/sl_lidar_driver.cpp:50\x1b[m\x1b[K:\n'}
[30.311872] (sllidar_ros2) StderrLine: {'line': b'\x1b[01m\x1b[K/root/ros2_ws/src/sllidar_ros2/sdk/src/dataunpacker/dataunpacker.h:\x1b[m\x1b[K In member function \xe2\x80\x98\x1b[01m\x1b[Kvirtual void sl::internal::LIDARSampleDataListener::onCustomSampleDataDecoded(_u8, _u32, const void*, size_t)\x1b[m\x1b[K\xe2\x80\x99:\n'}
[30.312932] (sllidar_ros2) StderrLine: {'line': b'\x1b[01m\x1b[K/root/ros2_ws/src/sllidar_ros2/sdk/src/dataunpacker/dataunpacker.h:54:45:\x1b[m\x1b[K \x1b[01;35m\x1b[Kwarning: \x1b[m\x1b[Kunused parameter \xe2\x80\x98\x1b[01m\x1b[KansType\x1b[m\x1b[K\xe2\x80\x99 [\x1b[01;35m\x1b[K-Wunused-parameter\x1b[m\x1b[K]\n'}
[30.313972] (sllidar_ros2) StderrLine: {'line': b'   54 |  virtual void onCustomSampleDataDecoded(\x1b[01;35m\x1b[K_u8 ansType\x1b[m\x1b[K, _u32 customCode, const void* data, size_t size) {}\n'}
[30.314900] (sllidar_ros2) StderrLine: {'line': b'      |                                         \x1b[01;35m\x1b[K~~~~^~~~~~~\x1b[m\x1b[K\n'}
[30.315885] (sllidar_ros2) StderrLine: {'line': b'\x1b[01m\x1b[K/root/ros2_ws/src/sllidar_ros2/sdk/src/dataunpacker/dataunpacker.h:54:59:\x1b[m\x1b[K \x1b[01;35m\x1b[Kwarning: \x1b[m\x1b[Kunused parameter \xe2\x80\x98\x1b[01m\x1b[KcustomCode\x1b[m\x1b[K\xe2\x80\x99 [\x1b[01;35m\x1b[K-Wunused-parameter\x1b[m\x1b[K]\n'}
[30.316931] (sllidar_ros2) StderrLine: {'line': b'   54 |  virtual void onCustomSampleDataDecoded(_u8 ansType, \x1b[01;35m\x1b[K_u32 customCode\x1b[m\x1b[K, const void* data, size_t size) {}\n'}
[30.317878] (sllidar_ros2) StderrLine: {'line': b'      |                                                      \x1b[01;35m\x1b[K~~~~~^~~~~~~~~~\x1b[m\x1b[K\n'}
[30.318989] (sllidar_ros2) StderrLine: {'line': b'\x1b[01m\x1b[K/root/ros2_ws/src/sllidar_ros2/sdk/src/dataunpacker/dataunpacker.h:54:83:\x1b[m\x1b[K \x1b[01;35m\x1b[Kwarning: \x1b[m\x1b[Kunused parameter \xe2\x80\x98\x1b[01m\x1b[Kdata\x1b[m\x1b[K\xe2\x80\x99 [\x1b[01;35m\x1b[K-Wunused-parameter\x1b[m\x1b[K]\n'}
[30.319788] (sllidar_ros2) StderrLine: {'line': b'   54 |  virtual void onCustomSampleDataDecoded(_u8 ansType, _u32 customCode, \x1b[01;35m\x1b[Kconst void* data\x1b[m\x1b[K, size_t size) {}\n'}
[30.320585] (sllidar_ros2) StderrLine: {'line': b'      |                                                                       \x1b[01;35m\x1b[K~~~~~~~~~~~~^~~~\x1b[m\x1b[K\n'}
[30.321508] (sllidar_ros2) StderrLine: {'line': b'\x1b[01m\x1b[K/root/ros2_ws/src/sllidar_ros2/sdk/src/dataunpacker/dataunpacker.h:54:96:\x1b[m\x1b[K \x1b[01;35m\x1b[Kwarning: \x1b[m\x1b[Kunused parameter \xe2\x80\x98\x1b[01m\x1b[Ksize\x1b[m\x1b[K\xe2\x80\x99 [\x1b[01;35m\x1b[K-Wunused-parameter\x1b[m\x1b[K]\n'}
[30.322334] (sllidar_ros2) StderrLine: {'line': b'   54 |  virtual void onCustomSampleDataDecoded(_u8 ansType, _u32 customCode, const void* data, \x1b[01;35m\x1b[Ksize_t size\x1b[m\x1b[K) {}\n'}
[30.323112] (sllidar_ros2) StderrLine: {'line': b'      |                                                                                         \x1b[01;35m\x1b[K~~~~~~~^~~~\x1b[m\x1b[K\n'}
[30.324117] (sllidar_ros2) StderrLine: {'line': b'\x1b[01m\x1b[K/root/ros2_ws/src/sllidar_ros2/sdk/src/dataunpacker/dataunpacker.h:\x1b[m\x1b[K In member function \xe2\x80\x98\x1b[01m\x1b[Kvirtual void sl::internal::LIDARSampleDataListener::onDecodingError(int, _u8, const void*, size_t)\x1b[m\x1b[K\xe2\x80\x99:\n'}
[30.325917] (sllidar_ros2) StderrLine: {'line': b'\x1b[01m\x1b[K/root/ros2_ws/src/sllidar_ros2/sdk/src/dataunpacker/dataunpacker.h:56:35:\x1b[m\x1b[K \x1b[01;35m\x1b[Kwarning: \x1b[m\x1b[Kunused parameter \xe2\x80\x98\x1b[01m\x1b[KerrMsg\x1b[m\x1b[K\xe2\x80\x99 [\x1b[01;35m\x1b[K-Wunused-parameter\x1b[m\x1b[K]\n'}
[30.326517] (sllidar_ros2) StderrLine: {'line': b'   56 |  virtual void onDecodingError(\x1b[01;35m\x1b[Kint errMsg\x1b[m\x1b[K, _u8 ansType, const void* payload, size_t size) {}\n'}
[30.327017] (sllidar_ros2) StderrLine: {'line': b'      |                               \x1b[01;35m\x1b[K~~~~^~~~~~\x1b[m\x1b[K\n'}
[30.327483] (sllidar_ros2) StderrLine: {'line': b'\x1b[01m\x1b[K/root/ros2_ws/src/sllidar_ros2/sdk/src/dataunpacker/dataunpacker.h:56:47:\x1b[m\x1b[K \x1b[01;35m\x1b[Kwarning: \x1b[m\x1b[Kunused parameter \xe2\x80\x98\x1b[01m\x1b[KansType\x1b[m\x1b[K\xe2\x80\x99 [\x1b[01;35m\x1b[K-Wunused-parameter\x1b[m\x1b[K]\n'}
[30.327947] (sllidar_ros2) StderrLine: {'line': b'   56 |  virtual void onDecodingError(int errMsg, \x1b[01;35m\x1b[K_u8 ansType\x1b[m\x1b[K, const void* payload, size_t size) {}\n'}
[30.328385] (sllidar_ros2) StderrLine: {'line': b'      |                                           \x1b[01;35m\x1b[K~~~~^~~~~~~\x1b[m\x1b[K\n'}
[30.328820] (sllidar_ros2) StderrLine: {'line': b'\x1b[01m\x1b[K/root/ros2_ws/src/sllidar_ros2/sdk/src/dataunpacker/dataunpacker.h:56:68:\x1b[m\x1b[K \x1b[01;35m\x1b[Kwarning: \x1b[m\x1b[Kunused parameter \xe2\x80\x98\x1b[01m\x1b[Kpayload\x1b[m\x1b[K\xe2\x80\x99 [\x1b[01;35m\x1b[K-Wunused-parameter\x1b[m\x1b[K]\n'}
[30.334188] (sllidar_ros2) StderrLine: {'line': b'   56 |  virtual void onDecodingError(int errMsg, _u8 ansType, \x1b[01;35m\x1b[Kconst void* payload\x1b[m\x1b[K, size_t size) {}\n'}
[30.334892] (sllidar_ros2) StderrLine: {'line': b'      |                                                        \x1b[01;35m\x1b[K~~~~~~~~~~~~^~~~~~~\x1b[m\x1b[K\n'}
[30.335433] (sllidar_ros2) StderrLine: {'line': b'\x1b[01m\x1b[K/root/ros2_ws/src/sllidar_ros2/sdk/src/dataunpacker/dataunpacker.h:56:84:\x1b[m\x1b[K \x1b[01;35m\x1b[Kwarning: \x1b[m\x1b[Kunused parameter \xe2\x80\x98\x1b[01m\x1b[Ksize\x1b[m\x1b[K\xe2\x80\x99 [\x1b[01;35m\x1b[K-Wunused-parameter\x1b[m\x1b[K]\n'}
[30.335923] (sllidar_ros2) StderrLine: {'line': b'   56 |  virtual void onDecodingError(int errMsg, _u8 ansType, const void* payload, \x1b[01;35m\x1b[Ksize_t size\x1b[m\x1b[K) {}\n'}
[30.336370] (sllidar_ros2) StderrLine: {'line': b'      |                                                                             \x1b[01;35m\x1b[K~~~~~~~^~~~\x1b[m\x1b[K\n'}
[30.371090] (vesc_driver) StdoutLine: {'line': b'-- Using all available rosidl_typesupport_c: rosidl_typesupport_fastrtps_c;rosidl_typesupport_introspection_c\n'}
[30.382166] (sllidar_ros2) StderrLine: {'line': b'In file included from \x1b[01m\x1b[K/root/ros2_ws/src/sllidar_ros2/sdk/src/sl_lidar_driver.cpp:51\x1b[m\x1b[K:\n'}
[30.382811] (-) TimerEvent: {}
[30.385231] (sllidar_ros2) StderrLine: {'line': b'\x1b[01m\x1b[K/root/ros2_ws/src/sllidar_ros2/sdk/src/sl_async_transceiver.h:\x1b[m\x1b[K In member function \xe2\x80\x98\x1b[01m\x1b[Kvirtual void sl::internal::IAsyncProtocolCodec::onChannelError(u_result)\x1b[m\x1b[K\xe2\x80\x99:\n'}
[30.386230] (sllidar_ros2) StderrLine: {'line': b'\x1b[01m\x1b[K/root/ros2_ws/src/sllidar_ros2/sdk/src/sl_async_transceiver.h:90:41:\x1b[m\x1b[K \x1b[01;35m\x1b[Kwarning: \x1b[m\x1b[Kunused parameter \xe2\x80\x98\x1b[01m\x1b[KerrCode\x1b[m\x1b[K\xe2\x80\x99 [\x1b[01;35m\x1b[K-Wunused-parameter\x1b[m\x1b[K]\n'}
[30.387123] (sllidar_ros2) StderrLine: {'line': b'   90 |  virtual void   onChannelError(\x1b[01;35m\x1b[Ku_result errCode\x1b[m\x1b[K) {}\n'}
[30.388057] (sllidar_ros2) StderrLine: {'line': b'      |                                \x1b[01;35m\x1b[K~~~~~~~~~^~~~~~~\x1b[m\x1b[K\n'}
[30.404508] (vesc_driver) StdoutLine: {'line': b'-- Found rosidl_adapter: 1.3.1 (/opt/ros/foxy/share/rosidl_adapter/cmake)\n'}
[30.483020] (-) TimerEvent: {}
[30.543988] (sllidar_ros2) StderrLine: {'line': b'\x1b[01m\x1b[K/root/ros2_ws/src/sllidar_ros2/sdk/src/sl_lidar_driver.cpp:\x1b[m\x1b[K In member function \xe2\x80\x98\x1b[01m\x1b[Kvirtual sl_result sl::SlamtecLidarDriver::reset(sl_u32)\x1b[m\x1b[K\xe2\x80\x99:\n'}
[30.545043] (sllidar_ros2) StderrLine: {'line': b'\x1b[01m\x1b[K/root/ros2_ws/src/sllidar_ros2/sdk/src/sl_lidar_driver.cpp:511:32:\x1b[m\x1b[K \x1b[01;35m\x1b[Kwarning: \x1b[m\x1b[Kunused parameter \xe2\x80\x98\x1b[01m\x1b[KtimeoutInMs\x1b[m\x1b[K\xe2\x80\x99 [\x1b[01;35m\x1b[K-Wunused-parameter\x1b[m\x1b[K]\n'}
[30.546051] (sllidar_ros2) StderrLine: {'line': b'  511 |         sl_result reset(\x1b[01;35m\x1b[Ksl_u32 timeoutInMs = DEFAULT_TIMEOUT\x1b[m\x1b[K)\n'}
[30.546971] (sllidar_ros2) StderrLine: {'line': b'      |                         \x1b[01;35m\x1b[K~~~~~~~^~~~~~~~~~~~~~~~~~~~~~~~~~~~~\x1b[m\x1b[K\n'}
[30.567128] (sllidar_ros2) StderrLine: {'line': b'\x1b[01m\x1b[K/root/ros2_ws/src/sllidar_ros2/sdk/src/sl_lidar_driver.cpp:\x1b[m\x1b[K In member function \xe2\x80\x98\x1b[01m\x1b[Kvirtual sl_result sl::SlamtecLidarDriver::startScan(bool, bool, sl_u32, sl::LidarScanMode*)\x1b[m\x1b[K\xe2\x80\x99:\n'}
[30.568133] (sllidar_ros2) StderrLine: {'line': b'\x1b[01m\x1b[K/root/ros2_ws/src/sllidar_ros2/sdk/src/sl_lidar_driver.cpp:586:69:\x1b[m\x1b[K \x1b[01;35m\x1b[Kwarning: \x1b[m\x1b[Kunused parameter \xe2\x80\x98\x1b[01m\x1b[Koptions\x1b[m\x1b[K\xe2\x80\x99 [\x1b[01;35m\x1b[K-Wunused-parameter\x1b[m\x1b[K]\n'}
[30.569031] (sllidar_ros2) StderrLine: {'line': b'  586 |         sl_result startScan(bool force, bool useTypicalScan, \x1b[01;35m\x1b[Ksl_u32 options = 0\x1b[m\x1b[K, LidarScanMode* outUsedScanMode = nullptr)\n'}
[30.569871] (sllidar_ros2) StderrLine: {'line': b'      |                                                              \x1b[01;35m\x1b[K~~~~~~~^~~~~~~~~~~\x1b[m\x1b[K\n'}
[30.581516] (sllidar_ros2) StderrLine: {'line': b'\x1b[01m\x1b[K/root/ros2_ws/src/sllidar_ros2/sdk/src/sl_lidar_driver.cpp:\x1b[m\x1b[K In member function \xe2\x80\x98\x1b[01m\x1b[Kvirtual sl_result sl::SlamtecLidarDriver::stop(sl_u32)\x1b[m\x1b[K\xe2\x80\x99:\n'}
[30.582521] (sllidar_ros2) StderrLine: {'line': b'\x1b[01m\x1b[K/root/ros2_ws/src/sllidar_ros2/sdk/src/sl_lidar_driver.cpp:763:31:\x1b[m\x1b[K \x1b[01;35m\x1b[Kwarning: \x1b[m\x1b[Kunused parameter \xe2\x80\x98\x1b[01m\x1b[Ktimeout\x1b[m\x1b[K\xe2\x80\x99 [\x1b[01;35m\x1b[K-Wunused-parameter\x1b[m\x1b[K]\n'}
[30.583077] (-) TimerEvent: {}
[30.585553] (sllidar_ros2) StderrLine: {'line': b'  763 |         sl_result stop(\x1b[01;35m\x1b[Ksl_u32 timeout = DEFAULT_TIMEOUT\x1b[m\x1b[K)\n'}
[30.586464] (sllidar_ros2) StderrLine: {'line': b'      |                        \x1b[01;35m\x1b[K~~~~~~~^~~~~~~~~~~~~~~~~~~~~~~~~\x1b[m\x1b[K\n'}
[30.598985] (sllidar_ros2) StderrLine: {'line': b'\x1b[01m\x1b[K/root/ros2_ws/src/sllidar_ros2/sdk/src/sl_lidar_driver.cpp:\x1b[m\x1b[K In member function \xe2\x80\x98\x1b[01m\x1b[Kvirtual sl_result sl::SlamtecLidarDriver::getFrequency(const sl::LidarScanMode&, const sl_lidar_response_measurement_node_hq_t*, size_t, float&)\x1b[m\x1b[K\xe2\x80\x99:\n'}
[30.599998] (sllidar_ros2) StderrLine: {'line': b'\x1b[01m\x1b[K/root/ros2_ws/src/sllidar_ros2/sdk/src/sl_lidar_driver.cpp:880:110:\x1b[m\x1b[K \x1b[01;35m\x1b[Kwarning: \x1b[m\x1b[Kunused parameter \xe2\x80\x98\x1b[01m\x1b[Knodes\x1b[m\x1b[K\xe2\x80\x99 [\x1b[01;35m\x1b[K-Wunused-parameter\x1b[m\x1b[K]\n'}
[30.600971] (sllidar_ros2) StderrLine: {'line': b'  880 |         sl_result getFrequency(const LidarScanMode& scanMode, \x1b[01;35m\x1b[Kconst sl_lidar_response_measurement_node_hq_t* nodes\x1b[m\x1b[K, size_t count, float& frequency)\n'}
[30.601917] (sllidar_ros2) StderrLine: {'line': b'      |                                                               \x1b[01;35m\x1b[K~~~~~~~~~~~~~~~~~~~~~~~~~~~~~~~~~~~~~~~~~~~~~~~^~~~~\x1b[m\x1b[K\n'}
[30.616708] (sllidar_ros2) StderrLine: {'line': b'\x1b[01m\x1b[K/root/ros2_ws/src/sllidar_ros2/sdk/src/sl_lidar_driver.cpp:\x1b[m\x1b[K In member function \xe2\x80\x98\x1b[01m\x1b[Kvirtual sl_result sl::SlamtecLidarDriver::getMotorInfo(sl::LidarMotorInfo&, sl_u32)\x1b[m\x1b[K\xe2\x80\x99:\n'}
[30.617754] (sllidar_ros2) StderrLine: {'line': b'\x1b[01m\x1b[K/root/ros2_ws/src/sllidar_ros2/sdk/src/sl_lidar_driver.cpp:1023:66:\x1b[m\x1b[K \x1b[01;35m\x1b[Kwarning: \x1b[m\x1b[Kunused parameter \xe2\x80\x98\x1b[01m\x1b[KtimeoutInMs\x1b[m\x1b[K\xe2\x80\x99 [\x1b[01;35m\x1b[K-Wunused-parameter\x1b[m\x1b[K]\n'}
[30.618706] (sllidar_ros2) StderrLine: {'line': b' 1023 |         sl_result getMotorInfo(LidarMotorInfo &motorInfo, \x1b[01;35m\x1b[Ksl_u32 timeoutInMs\x1b[m\x1b[K)\n'}
[30.619513] (sllidar_ros2) StderrLine: {'line': b'      |                                                           \x1b[01;35m\x1b[K~~~~~~~^~~~~~~~~~~\x1b[m\x1b[K\n'}
[30.628066] (sllidar_ros2) StderrLine: {'line': b'\x1b[01m\x1b[K/root/ros2_ws/src/sllidar_ros2/sdk/src/sl_lidar_driver.cpp:\x1b[m\x1b[K In member function \xe2\x80\x98\x1b[01m\x1b[Ku_result sl::SlamtecLidarDriver::getScanModeCount(sl_u16&, sl_u32)\x1b[m\x1b[K\xe2\x80\x99:\n'}
[30.629133] (sllidar_ros2) StderrLine: {'line': b'\x1b[01m\x1b[K/root/ros2_ws/src/sllidar_ros2/sdk/src/sl_lidar_driver.cpp:1199:61:\x1b[m\x1b[K \x1b[01;35m\x1b[Kwarning: \x1b[m\x1b[Kunused parameter \xe2\x80\x98\x1b[01m\x1b[KtimeoutInMs\x1b[m\x1b[K\xe2\x80\x99 [\x1b[01;35m\x1b[K-Wunused-parameter\x1b[m\x1b[K]\n'}
[30.630048] (sllidar_ros2) StderrLine: {'line': b' 1199 |         u_result getScanModeCount(sl_u16& modeCount, \x1b[01;35m\x1b[Ksl_u32 timeoutInMs = DEFAULT_TIMEOUT\x1b[m\x1b[K)\n'}
[30.630923] (sllidar_ros2) StderrLine: {'line': b'      |                                                      \x1b[01;35m\x1b[K~~~~~~~^~~~~~~~~~~~~~~~~~~~~~~~~~~~~\x1b[m\x1b[K\n'}
[30.683267] (-) TimerEvent: {}
[30.784031] (-) TimerEvent: {}
[30.887006] (-) TimerEvent: {}
[30.932410] (sllidar_ros2) StderrLine: {'line': b'/root/ros2_ws/src/sllidar_ros2/sdk/src/sl_lidar_driver.cpp: In instantiation of \xe2\x80\x98\x1b[01m\x1b[Kvoid sl::RawSampleNodeHolder<T>::pushNode(_u64, const T*) [with T = sl_lidar_response_measurement_node_hq_t; _u64 = long unsigned int]\x1b[m\x1b[K\xe2\x80\x99:\n'}
[30.933155] (sllidar_ros2) StderrLine: {'line': b'\x1b[01m\x1b[K/root/ros2_ws/src/sllidar_ros2/sdk/src/sl_lidar_driver.cpp:1648:61:\x1b[m\x1b[K   required from here\n'}
[30.933607] (sllidar_ros2) StderrLine: {'line': b'\x1b[01m\x1b[K/root/ros2_ws/src/sllidar_ros2/sdk/src/sl_lidar_driver.cpp:202:28:\x1b[m\x1b[K \x1b[01;35m\x1b[Kwarning: \x1b[m\x1b[Kunused parameter \xe2\x80\x98\x1b[01m\x1b[Ktimestamp_uS\x1b[m\x1b[K\xe2\x80\x99 [\x1b[01;35m\x1b[K-Wunused-parameter\x1b[m\x1b[K]\n'}
[30.934394] (sllidar_ros2) StderrLine: {'line': b'  202 |         void pushNode(\x1b[01;35m\x1b[K_u64 timestamp_uS\x1b[m\x1b[K, const T* node)\n'}
[30.934896] (sllidar_ros2) StderrLine: {'line': b'      |                       \x1b[01;35m\x1b[K~~~~~^~~~~~~~~~~~\x1b[m\x1b[K\n'}
[30.987188] (-) TimerEvent: {}
[31.093186] (-) TimerEvent: {}
[31.203204] (-) TimerEvent: {}
[31.305692] (-) TimerEvent: {}
[31.406489] (-) TimerEvent: {}
[31.507278] (-) TimerEvent: {}
[31.582688] (sllidar_ros2) StderrLine: {'line': b'\x1b[01m\x1b[K/root/ros2_ws/src/sllidar_ros2/sdk/src/sl_lidar_driver.cpp:\x1b[m\x1b[K At global scope:\n'}
[31.583955] (sllidar_ros2) StderrLine: {'line': b'\x1b[01m\x1b[K/root/ros2_ws/src/sllidar_ros2/sdk/src/sl_lidar_driver.cpp:83:17:\x1b[m\x1b[K \x1b[01;35m\x1b[Kwarning: \x1b[m\x1b[K\xe2\x80\x98\x1b[01m\x1b[Kvoid sl::convert(const sl_lidar_response_measurement_node_hq_t&, sl_lidar_response_measurement_node_t&)\x1b[m\x1b[K\xe2\x80\x99 defined but not used [\x1b[01;35m\x1b[K-Wunused-function\x1b[m\x1b[K]\n'}
[31.585240] (sllidar_ros2) StderrLine: {'line': b'   83 |     static void \x1b[01;35m\x1b[Kconvert\x1b[m\x1b[K(const sl_lidar_response_measurement_node_hq_t& from, sl_lidar_response_measurement_node_t& to)\n'}
[31.586115] (sllidar_ros2) StderrLine: {'line': b'      |                 \x1b[01;35m\x1b[K^~~~~~~\x1b[m\x1b[K\n'}
[31.586998] (sllidar_ros2) StderrLine: {'line': b'\x1b[01m\x1b[K/root/ros2_ws/src/sllidar_ros2/sdk/src/sl_lidar_driver.cpp:75:17:\x1b[m\x1b[K \x1b[01;35m\x1b[Kwarning: \x1b[m\x1b[K\xe2\x80\x98\x1b[01m\x1b[Kvoid sl::convert(const sl_lidar_response_measurement_node_t&, sl_lidar_response_measurement_node_hq_t&)\x1b[m\x1b[K\xe2\x80\x99 defined but not used [\x1b[01;35m\x1b[K-Wunused-function\x1b[m\x1b[K]\n'}
[31.587865] (sllidar_ros2) StderrLine: {'line': b'   75 |     static void \x1b[01;35m\x1b[Kconvert\x1b[m\x1b[K(const sl_lidar_response_measurement_node_t& from, sl_lidar_response_measurement_node_hq_t& to)\n'}
[31.588782] (sllidar_ros2) StderrLine: {'line': b'      |                 \x1b[01;35m\x1b[K^~~~~~~\x1b[m\x1b[K\n'}
[31.589759] (sllidar_ros2) StderrLine: {'line': b'\x1b[01m\x1b[K/root/ros2_ws/src/sllidar_ros2/sdk/src/sl_lidar_driver.cpp:70:17:\x1b[m\x1b[K \x1b[01;35m\x1b[Kwarning: \x1b[m\x1b[K\xe2\x80\x98\x1b[01m\x1b[Kvoid sl::printDeprecationWarn(const char*, const char*)\x1b[m\x1b[K\xe2\x80\x99 defined but not used [\x1b[01;35m\x1b[K-Wunused-function\x1b[m\x1b[K]\n'}
[31.590623] (sllidar_ros2) StderrLine: {'line': b'   70 |     static void \x1b[01;35m\x1b[KprintDeprecationWarn\x1b[m\x1b[K(const char* fn, const char* replacement)\n'}
[31.591399] (sllidar_ros2) StderrLine: {'line': b'      |                 \x1b[01;35m\x1b[K^~~~~~~~~~~~~~~~~~~~\x1b[m\x1b[K\n'}
[31.595358] (vesc_ackermann) StdoutLine: {'line': b'-- Using all available rosidl_typesupport_cpp: rosidl_typesupport_fastrtps_cpp;rosidl_typesupport_introspection_cpp\n'}
[31.607483] (-) TimerEvent: {}
[31.718082] (-) TimerEvent: {}
[31.744867] (vesc_driver) StdoutLine: {'line': b'-- Using all available rosidl_typesupport_cpp: rosidl_typesupport_fastrtps_cpp;rosidl_typesupport_introspection_cpp\n'}
[31.751125] (sllidar_ros2) StderrLine: {'line': b'In file included from \x1b[01m\x1b[K/root/ros2_ws/src/sllidar_ros2/./sdk/include/rplidar_protocol.h:36\x1b[m\x1b[K,\n'}
[31.754655] (sllidar_ros2) StderrLine: {'line': b'                 from \x1b[01m\x1b[K/root/ros2_ws/src/sllidar_ros2/./sdk/include/rplidar.h:39\x1b[m\x1b[K,\n'}
[31.755239] (sllidar_ros2) StderrLine: {'line': b'                 from \x1b[01m\x1b[K/root/ros2_ws/src/sllidar_ros2/sdk/src/sdkcommon.h:49\x1b[m\x1b[K,\n'}
[31.755761] (sllidar_ros2) StderrLine: {'line': b'                 from \x1b[01m\x1b[K/root/ros2_ws/src/sllidar_ros2/sdk/src/sl_lidarprotocol_codec.cpp:35\x1b[m\x1b[K:\n'}
[31.756572] (sllidar_ros2) StderrLine: {'line': b'\x1b[01m\x1b[K/root/ros2_ws/src/sllidar_ros2/./sdk/include/sl_lidar_protocol.h:66:16:\x1b[m\x1b[K \x1b[01;35m\x1b[Kwarning: \x1b[m\x1b[KISO C++ forbids zero-size array \xe2\x80\x98\x1b[01m\x1b[Kdata\x1b[m\x1b[K\xe2\x80\x99 [\x1b[01;35m\x1b[K-Wpedantic\x1b[m\x1b[K]\n'}
[31.757587] (sllidar_ros2) StderrLine: {'line': b'   66 |     sl_u8 data[\x1b[01;35m\x1b[K0\x1b[m\x1b[K];\n'}
[31.758175] (sllidar_ros2) StderrLine: {'line': b'      |                \x1b[01;35m\x1b[K^\x1b[m\x1b[K\n'}
[31.759051] (sllidar_ros2) StderrLine: {'line': b'In file included from \x1b[01m\x1b[K/root/ros2_ws/src/sllidar_ros2/./sdk/include/rplidar_cmd.h:36\x1b[m\x1b[K,\n'}
[31.759611] (sllidar_ros2) StderrLine: {'line': b'                 from \x1b[01m\x1b[K/root/ros2_ws/src/sllidar_ros2/./sdk/include/rplidar.h:40\x1b[m\x1b[K,\n'}
[31.760181] (sllidar_ros2) StderrLine: {'line': b'                 from \x1b[01m\x1b[K/root/ros2_ws/src/sllidar_ros2/sdk/src/sdkcommon.h:49\x1b[m\x1b[K,\n'}
[31.760723] (sllidar_ros2) StderrLine: {'line': b'                 from \x1b[01m\x1b[K/root/ros2_ws/src/sllidar_ros2/sdk/src/sl_lidarprotocol_codec.cpp:35\x1b[m\x1b[K:\n'}
[31.761347] (sllidar_ros2) StderrLine: {'line': b'\x1b[01m\x1b[K/root/ros2_ws/src/sllidar_ros2/./sdk/include/sl_lidar_cmd.h:324:20:\x1b[m\x1b[K \x1b[01;35m\x1b[Kwarning: \x1b[m\x1b[KISO C++ forbids zero-size array \xe2\x80\x98\x1b[01m\x1b[Kpayload\x1b[m\x1b[K\xe2\x80\x99 [\x1b[01;35m\x1b[K-Wpedantic\x1b[m\x1b[K]\n'}
[31.761875] (sllidar_ros2) StderrLine: {'line': b'  324 |     sl_u8  payload[\x1b[01;35m\x1b[K0\x1b[m\x1b[K];\n'}
[31.762378] (sllidar_ros2) StderrLine: {'line': b'      |                    \x1b[01;35m\x1b[K^\x1b[m\x1b[K\n'}
[31.818271] (-) TimerEvent: {}
[31.920647] (-) TimerEvent: {}
[32.021547] (-) TimerEvent: {}
[32.122339] (-) TimerEvent: {}
[32.224023] (-) TimerEvent: {}
[32.289518] (vesc_driver) StdoutLine: {'line': b'-- Found rmw_implementation_cmake: 1.0.4 (/opt/ros/foxy/share/rmw_implementation_cmake/cmake)\n'}
[32.302797] (vesc_driver) StdoutLine: {'line': b"-- Using RMW implementation 'rmw_fastrtps_cpp' as default\n"}
[32.324222] (-) TimerEvent: {}
[32.426831] (-) TimerEvent: {}
[32.528531] (-) TimerEvent: {}
[32.629374] (-) TimerEvent: {}
[32.728029] (sllidar_ros2) StderrLine: {'line': b'In file included from \x1b[01m\x1b[K/root/ros2_ws/src/sllidar_ros2/sdk/src/sl_lidarprotocol_codec.cpp:49\x1b[m\x1b[K:\n'}
[32.728997] (sllidar_ros2) StderrLine: {'line': b'\x1b[01m\x1b[K/root/ros2_ws/src/sllidar_ros2/sdk/src/sl_async_transceiver.h:\x1b[m\x1b[K In member function \xe2\x80\x98\x1b[01m\x1b[Kvirtual void sl::internal::IAsyncProtocolCodec::onChannelError(u_result)\x1b[m\x1b[K\xe2\x80\x99:\n'}
[32.729531] (-) TimerEvent: {}
[32.731704] (sllidar_ros2) StderrLine: {'line': b'\x1b[01m\x1b[K/root/ros2_ws/src/sllidar_ros2/sdk/src/sl_async_transceiver.h:90:41:\x1b[m\x1b[K \x1b[01;35m\x1b[Kwarning: \x1b[m\x1b[Kunused parameter \xe2\x80\x98\x1b[01m\x1b[KerrCode\x1b[m\x1b[K\xe2\x80\x99 [\x1b[01;35m\x1b[K-Wunused-parameter\x1b[m\x1b[K]\n'}
[32.732604] (sllidar_ros2) StderrLine: {'line': b'   90 |  virtual void   onChannelError(\x1b[01;35m\x1b[Ku_result errCode\x1b[m\x1b[K) {}\n'}
[32.733425] (sllidar_ros2) StderrLine: {'line': b'      |                                \x1b[01;35m\x1b[K~~~~~~~~~^~~~~~~\x1b[m\x1b[K\n'}
[32.829732] (-) TimerEvent: {}
[32.932012] (-) TimerEvent: {}
[33.032841] (-) TimerEvent: {}
[33.133625] (-) TimerEvent: {}
[33.240913] (-) TimerEvent: {}
[33.344969] (-) TimerEvent: {}
[33.448925] (-) TimerEvent: {}
[33.549698] (-) TimerEvent: {}
[33.650466] (-) TimerEvent: {}
[33.751229] (-) TimerEvent: {}
[33.852154] (-) TimerEvent: {}
[33.955087] (-) TimerEvent: {}
[34.036085] (vesc_ackermann) StdoutLine: {'line': b'-- Found rmw_implementation_cmake: 1.0.4 (/opt/ros/foxy/share/rmw_implementation_cmake/cmake)\n'}
[34.044621] (vesc_ackermann) StdoutLine: {'line': b"-- Using RMW implementation 'rmw_fastrtps_cpp' as default\n"}
[34.055278] (-) TimerEvent: {}
[34.157626] (-) TimerEvent: {}
[34.260038] (-) TimerEvent: {}
[34.362412] (-) TimerEvent: {}
[34.464180] (-) TimerEvent: {}
[34.566650] (-) TimerEvent: {}
[34.667519] (-) TimerEvent: {}
[34.768271] (-) TimerEvent: {}
[34.869088] (-) TimerEvent: {}
[34.970838] (-) TimerEvent: {}
[35.073297] (-) TimerEvent: {}
[35.175671] (-) TimerEvent: {}
[35.279326] (-) TimerEvent: {}
[35.384963] (-) TimerEvent: {}
[35.485756] (-) TimerEvent: {}
[35.587555] (-) TimerEvent: {}
[35.688389] (-) TimerEvent: {}
[35.789877] (-) TimerEvent: {}
[35.891887] (-) TimerEvent: {}
[35.994127] (-) TimerEvent: {}
[36.096397] (-) TimerEvent: {}
[36.198803] (-) TimerEvent: {}
[36.301179] (-) TimerEvent: {}
[36.403377] (-) TimerEvent: {}
[36.505664] (-) TimerEvent: {}
[36.596658] (sllidar_ros2) StdoutLine: {'line': b'[ 80%] \x1b[32mBuilding CXX object CMakeFiles/sllidar_node.dir/sdk/src/sl_tcp_channel.cpp.o\x1b[0m\n'}
[36.605852] (-) TimerEvent: {}
[36.706598] (-) TimerEvent: {}
[36.808898] (-) TimerEvent: {}
[36.911141] (-) TimerEvent: {}
[37.012099] (-) TimerEvent: {}
[37.113911] (-) TimerEvent: {}
[37.215558] (-) TimerEvent: {}
[37.319888] (-) TimerEvent: {}
[37.421919] (-) TimerEvent: {}
[37.471771] (vesc_ackermann) StdoutLine: {'line': b'-- Found ament_lint_auto: 0.9.8 (/opt/ros/foxy/share/ament_lint_auto/cmake)\n'}
[37.522101] (-) TimerEvent: {}
[37.608216] (vesc_ackermann) StdoutLine: {'line': b"-- Added test 'copyright' to check source files copyright and LICENSE\n"}
[37.618779] (vesc_ackermann) StdoutLine: {'line': b"-- Added test 'cppcheck' to perform static code analysis on C / C++ code\n"}
[37.620955] (vesc_ackermann) StdoutLine: {'line': b'-- Configured cppcheck include dirs: /root/ros2_ws/src/vesc/vesc_ackermann/include\n'}
[37.621912] (vesc_ackermann) StdoutLine: {'line': b'-- Configured cppcheck exclude dirs and/or files: \n'}
[37.622426] (-) TimerEvent: {}
[37.632576] (vesc_ackermann) StdoutLine: {'line': b"-- Added test 'cpplint' to check C / C++ code against the Google style\n"}
[37.633667] (vesc_ackermann) StdoutLine: {'line': b'-- Configured cpplint exclude dirs and/or files: \n'}
[37.640433] (vesc_ackermann) StdoutLine: {'line': b"-- Added test 'lint_cmake' to check CMake code style\n"}
[37.647705] (vesc_ackermann) StdoutLine: {'line': b"-- Added test 'uncrustify' to check C / C++ code style\n"}
[37.648711] (vesc_ackermann) StdoutLine: {'line': b'-- Configured uncrustify additional arguments: \n'}
[37.661139] (vesc_ackermann) StdoutLine: {'line': b"-- Added test 'xmllint' to check XML markup files\n"}
[37.704365] (vesc_ackermann) StdoutLine: {'line': b'-- Configuring done\n'}
[37.722630] (-) TimerEvent: {}
[37.749189] (sllidar_ros2) StderrLine: {'line': b'In file included from \x1b[01m\x1b[K/root/ros2_ws/src/sllidar_ros2/./sdk/include/sl_lidar_cmd.h:41\x1b[m\x1b[K,\n'}
[37.752069] (sllidar_ros2) StderrLine: {'line': b'                 from \x1b[01m\x1b[K/root/ros2_ws/src/sllidar_ros2/./sdk/include/sl_lidar_driver.h:54\x1b[m\x1b[K,\n'}
[37.757360] (sllidar_ros2) StderrLine: {'line': b'                 from \x1b[01m\x1b[K/root/ros2_ws/src/sllidar_ros2/sdk/src/sl_tcp_channel.cpp:33\x1b[m\x1b[K:\n'}
[37.758055] (sllidar_ros2) StderrLine: {'line': b'\x1b[01m\x1b[K/root/ros2_ws/src/sllidar_ros2/./sdk/include/sl_lidar_protocol.h:66:16:\x1b[m\x1b[K \x1b[01;35m\x1b[Kwarning: \x1b[m\x1b[KISO C++ forbids zero-size array \xe2\x80\x98\x1b[01m\x1b[Kdata\x1b[m\x1b[K\xe2\x80\x99 [\x1b[01;35m\x1b[K-Wpedantic\x1b[m\x1b[K]\n'}
[37.758547] (sllidar_ros2) StderrLine: {'line': b'   66 |     sl_u8 data[\x1b[01;35m\x1b[K0\x1b[m\x1b[K];\n'}
[37.759014] (sllidar_ros2) StderrLine: {'line': b'      |                \x1b[01;35m\x1b[K^\x1b[m\x1b[K\n'}
[37.761087] (sllidar_ros2) StderrLine: {'line': b'In file included from \x1b[01m\x1b[K/root/ros2_ws/src/sllidar_ros2/./sdk/include/sl_lidar_driver.h:54\x1b[m\x1b[K,\n'}
[37.761709] (sllidar_ros2) StderrLine: {'line': b'                 from \x1b[01m\x1b[K/root/ros2_ws/src/sllidar_ros2/sdk/src/sl_tcp_channel.cpp:33\x1b[m\x1b[K:\n'}
[37.762229] (sllidar_ros2) StderrLine: {'line': b'\x1b[01m\x1b[K/root/ros2_ws/src/sllidar_ros2/./sdk/include/sl_lidar_cmd.h:324:20:\x1b[m\x1b[K \x1b[01;35m\x1b[Kwarning: \x1b[m\x1b[KISO C++ forbids zero-size array \xe2\x80\x98\x1b[01m\x1b[Kpayload\x1b[m\x1b[K\xe2\x80\x99 [\x1b[01;35m\x1b[K-Wpedantic\x1b[m\x1b[K]\n'}
[37.762762] (sllidar_ros2) StderrLine: {'line': b'  324 |     sl_u8  payload[\x1b[01;35m\x1b[K0\x1b[m\x1b[K];\n'}
[37.763241] (sllidar_ros2) StderrLine: {'line': b'      |                    \x1b[01;35m\x1b[K^\x1b[m\x1b[K\n'}
[37.775414] (sllidar_ros2) StderrLine: {'line': b'\x1b[01m\x1b[K/root/ros2_ws/src/sllidar_ros2/sdk/src/sl_tcp_channel.cpp:\x1b[m\x1b[K In member function \xe2\x80\x98\x1b[01m\x1b[Kvoid sl::TcpChannel::setStatus(_u32)\x1b[m\x1b[K\xe2\x80\x99:\n'}
[37.776335] (sllidar_ros2) StderrLine: {'line': b'\x1b[01m\x1b[K/root/ros2_ws/src/sllidar_ros2/sdk/src/sl_tcp_channel.cpp:109:29:\x1b[m\x1b[K \x1b[01;35m\x1b[Kwarning: \x1b[m\x1b[Kunused parameter \xe2\x80\x98\x1b[01m\x1b[Kflag\x1b[m\x1b[K\xe2\x80\x99 [\x1b[01;35m\x1b[K-Wunused-parameter\x1b[m\x1b[K]\n'}
[37.777169] (sllidar_ros2) StderrLine: {'line': b'  109 |         void setStatus(\x1b[01;35m\x1b[K_u32 flag\x1b[m\x1b[K){}\n'}
[37.778232] (sllidar_ros2) StderrLine: {'line': b'      |                        \x1b[01;35m\x1b[K~~~~~^~~~\x1b[m\x1b[K\n'}
[37.822821] (-) TimerEvent: {}
[37.874499] (vesc_ackermann) StdoutLine: {'line': b'-- Generating done\n'}
[37.884192] (vesc_ackermann) StdoutLine: {'line': b'-- Build files have been written to: /root/ros2_ws/build/vesc_ackermann\n'}
[37.923148] (-) TimerEvent: {}
[37.929782] (vesc_ackermann) CommandEnded: {'returncode': 0}
[37.931436] (vesc_ackermann) JobProgress: {'identifier': 'vesc_ackermann', 'progress': 'build'}
[37.931600] (vesc_ackermann) Command: {'cmd': ['/usr/bin/cmake', '--build', '/root/ros2_ws/build/vesc_ackermann', '--', '-j4', '-l4'], 'cwd': '/root/ros2_ws/build/vesc_ackermann', 'env': OrderedDict([('HOSTNAME', 'lmk-desktop'), ('SHLVL', '1'), ('LD_LIBRARY_PATH', '/root/ros2_ws/install/vesc_msgs/lib:/root/ros2_ws/install/vesc_driver/lib:/root/ros2_ws/install/vesc_ackermann/lib:/opt/ros/foxy/opt/yaml_cpp_vendor/lib:/opt/ros/foxy/opt/rviz_ogre_vendor/lib:/opt/ros/foxy/lib/aarch64-linux-gnu:/opt/ros/foxy/lib'), ('HOME', '/root'), ('OLDPWD', '/root/ros2_ws/src'), ('ROS_PYTHON_VERSION', '3'), ('COLCON_PREFIX_PATH', '/root/ros2_ws/install:/root/install'), ('ROS_DISTRO', 'foxy'), ('_', '/usr/bin/colcon'), ('ROS_VERSION', '2'), ('TERM', 'xterm'), ('ROS_LOCALHOST_ONLY', '0'), ('PATH', '/opt/ros/foxy/bin:/usr/local/sbin:/usr/local/bin:/usr/sbin:/usr/bin:/sbin:/bin'), ('DISPLAY', ':0'), ('LANG', 'C.UTF-8'), ('LS_COLORS', 'rs=0:di=01;34:ln=01;36:mh=00:pi=40;33:so=01;35:do=01;35:bd=40;33;01:cd=40;33;01:or=40;31;01:mi=00:su=37;41:sg=30;43:ca=30;41:tw=30;42:ow=34;42:st=37;44:ex=01;32:*.tar=01;31:*.tgz=01;31:*.arc=01;31:*.arj=01;31:*.taz=01;31:*.lha=01;31:*.lz4=01;31:*.lzh=01;31:*.lzma=01;31:*.tlz=01;31:*.txz=01;31:*.tzo=01;31:*.t7z=01;31:*.zip=01;31:*.z=01;31:*.dz=01;31:*.gz=01;31:*.lrz=01;31:*.lz=01;31:*.lzo=01;31:*.xz=01;31:*.zst=01;31:*.tzst=01;31:*.bz2=01;31:*.bz=01;31:*.tbz=01;31:*.tbz2=01;31:*.tz=01;31:*.deb=01;31:*.rpm=01;31:*.jar=01;31:*.war=01;31:*.ear=01;31:*.sar=01;31:*.rar=01;31:*.alz=01;31:*.ace=01;31:*.zoo=01;31:*.cpio=01;31:*.7z=01;31:*.rz=01;31:*.cab=01;31:*.wim=01;31:*.swm=01;31:*.dwm=01;31:*.esd=01;31:*.jpg=01;35:*.jpeg=01;35:*.mjpg=01;35:*.mjpeg=01;35:*.gif=01;35:*.bmp=01;35:*.pbm=01;35:*.pgm=01;35:*.ppm=01;35:*.tga=01;35:*.xbm=01;35:*.xpm=01;35:*.tif=01;35:*.tiff=01;35:*.png=01;35:*.svg=01;35:*.svgz=01;35:*.mng=01;35:*.pcx=01;35:*.mov=01;35:*.mpg=01;35:*.mpeg=01;35:*.m2v=01;35:*.mkv=01;35:*.webm=01;35:*.ogm=01;35:*.mp4=01;35:*.m4v=01;35:*.mp4v=01;35:*.vob=01;35:*.qt=01;35:*.nuv=01;35:*.wmv=01;35:*.asf=01;35:*.rm=01;35:*.rmvb=01;35:*.flc=01;35:*.avi=01;35:*.fli=01;35:*.flv=01;35:*.gl=01;35:*.dl=01;35:*.xcf=01;35:*.xwd=01;35:*.yuv=01;35:*.cgm=01;35:*.emf=01;35:*.ogv=01;35:*.ogx=01;35:*.aac=00;36:*.au=00;36:*.flac=00;36:*.m4a=00;36:*.mid=00;36:*.midi=00;36:*.mka=00;36:*.mp3=00;36:*.mpc=00;36:*.ogg=00;36:*.ra=00;36:*.wav=00;36:*.oga=00;36:*.opus=00;36:*.spx=00;36:*.xspf=00;36:'), ('AMENT_PREFIX_PATH', '/root/ros2_ws/install/vesc:/root/ros2_ws/install/vesc_driver:/root/ros2_ws/install/vesc_ackermann:/root/ros2_ws/install/vesc_msgs:/root/ros2_ws/install/my_f1tenth_pkg:/opt/ros/foxy'), ('PWD', '/root/ros2_ws/build/vesc_ackermann'), ('LC_ALL', 'C.UTF-8'), ('PYTHONPATH', '/root/ros2_ws/install/vesc_msgs/lib/python3.8/site-packages:/root/ros2_ws/install/my_f1tenth_pkg/lib/python3.8/site-packages:/opt/ros/foxy/lib/python3.8/site-packages'), ('COLCON', '1'), ('CMAKE_PREFIX_PATH', '/root/ros2_ws/install/vesc_msgs:/root/ros2_ws/install/vesc:/root/ros2_ws/install/vesc_driver:/root/ros2_ws/install/vesc_ackermann:/root/ros2_ws/install/my_f1tenth_pkg:/opt/ros/foxy')]), 'shell': False}
[38.024292] (-) TimerEvent: {}
[38.076871] (sllidar_ros2) StdoutLine: {'line': b'[ 85%] \x1b[32mBuilding CXX object CMakeFiles/sllidar_node.dir/sdk/src/sl_udp_channel.cpp.o\x1b[0m\n'}
[38.124453] (-) TimerEvent: {}
[38.226583] (-) TimerEvent: {}
[38.328673] (-) TimerEvent: {}
[38.337022] (vesc_driver) StdoutLine: {'line': b'-- Found ament_lint_auto: 0.9.8 (/opt/ros/foxy/share/ament_lint_auto/cmake)\n'}
[38.387723] (vesc_ackermann) StdoutLine: {'line': b'[ 14%] \x1b[32m\x1b[1mLinking CXX executable ackermann_to_vesc_node\x1b[0m\n'}
[38.427370] (vesc_driver) StdoutLine: {'line': b"-- Added test 'copyright' to check source files copyright and LICENSE\n"}
[38.428870] (-) TimerEvent: {}
[38.445598] (vesc_driver) StdoutLine: {'line': b"-- Added test 'cppcheck' to perform static code analysis on C / C++ code\n"}
[38.447922] (vesc_driver) StdoutLine: {'line': b'-- Configured cppcheck include dirs: /root/ros2_ws/src/vesc/vesc_driver/include\n'}
[38.448623] (vesc_driver) StdoutLine: {'line': b'-- Configured cppcheck exclude dirs and/or files: \n'}
[38.471509] (vesc_driver) StdoutLine: {'line': b"-- Added test 'cpplint' to check C / C++ code against the Google style\n"}
[38.472567] (vesc_driver) StdoutLine: {'line': b'-- Configured cpplint exclude dirs and/or files: \n'}
[38.475913] (vesc_driver) StdoutLine: {'line': b"-- Added test 'flake8' to check Python code syntax and style conventions\n"}
[38.480089] (vesc_driver) StdoutLine: {'line': b"-- Added test 'lint_cmake' to check CMake code style\n"}
[38.483205] (vesc_driver) StdoutLine: {'line': b"-- Added test 'pep257' to check Python code against some of the style conventions in PEP 257\n"}
[38.493127] (vesc_driver) StdoutLine: {'line': b"-- Added test 'uncrustify' to check C / C++ code style\n"}
[38.493764] (vesc_driver) StdoutLine: {'line': b'-- Configured uncrustify additional arguments: \n'}
[38.496975] (vesc_driver) StdoutLine: {'line': b"-- Added test 'xmllint' to check XML markup files\n"}
[38.530374] (-) TimerEvent: {}
[38.632907] (-) TimerEvent: {}
[38.656294] (vesc_driver) StdoutLine: {'line': b'-- Configuring done\n'}
[38.733085] (-) TimerEvent: {}
[38.839058] (-) TimerEvent: {}
[38.940697] (-) TimerEvent: {}
[39.043074] (-) TimerEvent: {}
[39.143966] (-) TimerEvent: {}
[39.165039] (vesc_driver) StdoutLine: {'line': b'-- Generating done\n'}
[39.175785] (vesc_driver) StdoutLine: {'line': b'-- Build files have been written to: /root/ros2_ws/build/vesc_driver\n'}
[39.217366] (vesc_driver) CommandEnded: {'returncode': 0}
[39.219544] (vesc_driver) JobProgress: {'identifier': 'vesc_driver', 'progress': 'build'}
[39.219718] (vesc_driver) Command: {'cmd': ['/usr/bin/cmake', '--build', '/root/ros2_ws/build/vesc_driver', '--', '-j4', '-l4'], 'cwd': '/root/ros2_ws/build/vesc_driver', 'env': OrderedDict([('HOSTNAME', 'lmk-desktop'), ('SHLVL', '1'), ('LD_LIBRARY_PATH', '/root/ros2_ws/install/vesc_msgs/lib:/root/ros2_ws/install/vesc_driver/lib:/root/ros2_ws/install/vesc_ackermann/lib:/opt/ros/foxy/opt/yaml_cpp_vendor/lib:/opt/ros/foxy/opt/rviz_ogre_vendor/lib:/opt/ros/foxy/lib/aarch64-linux-gnu:/opt/ros/foxy/lib'), ('HOME', '/root'), ('OLDPWD', '/root/ros2_ws/src'), ('ROS_PYTHON_VERSION', '3'), ('COLCON_PREFIX_PATH', '/root/ros2_ws/install:/root/install'), ('ROS_DISTRO', 'foxy'), ('_', '/usr/bin/colcon'), ('ROS_VERSION', '2'), ('TERM', 'xterm'), ('ROS_LOCALHOST_ONLY', '0'), ('PATH', '/opt/ros/foxy/bin:/usr/local/sbin:/usr/local/bin:/usr/sbin:/usr/bin:/sbin:/bin'), ('DISPLAY', ':0'), ('LANG', 'C.UTF-8'), ('LS_COLORS', 'rs=0:di=01;34:ln=01;36:mh=00:pi=40;33:so=01;35:do=01;35:bd=40;33;01:cd=40;33;01:or=40;31;01:mi=00:su=37;41:sg=30;43:ca=30;41:tw=30;42:ow=34;42:st=37;44:ex=01;32:*.tar=01;31:*.tgz=01;31:*.arc=01;31:*.arj=01;31:*.taz=01;31:*.lha=01;31:*.lz4=01;31:*.lzh=01;31:*.lzma=01;31:*.tlz=01;31:*.txz=01;31:*.tzo=01;31:*.t7z=01;31:*.zip=01;31:*.z=01;31:*.dz=01;31:*.gz=01;31:*.lrz=01;31:*.lz=01;31:*.lzo=01;31:*.xz=01;31:*.zst=01;31:*.tzst=01;31:*.bz2=01;31:*.bz=01;31:*.tbz=01;31:*.tbz2=01;31:*.tz=01;31:*.deb=01;31:*.rpm=01;31:*.jar=01;31:*.war=01;31:*.ear=01;31:*.sar=01;31:*.rar=01;31:*.alz=01;31:*.ace=01;31:*.zoo=01;31:*.cpio=01;31:*.7z=01;31:*.rz=01;31:*.cab=01;31:*.wim=01;31:*.swm=01;31:*.dwm=01;31:*.esd=01;31:*.jpg=01;35:*.jpeg=01;35:*.mjpg=01;35:*.mjpeg=01;35:*.gif=01;35:*.bmp=01;35:*.pbm=01;35:*.pgm=01;35:*.ppm=01;35:*.tga=01;35:*.xbm=01;35:*.xpm=01;35:*.tif=01;35:*.tiff=01;35:*.png=01;35:*.svg=01;35:*.svgz=01;35:*.mng=01;35:*.pcx=01;35:*.mov=01;35:*.mpg=01;35:*.mpeg=01;35:*.m2v=01;35:*.mkv=01;35:*.webm=01;35:*.ogm=01;35:*.mp4=01;35:*.m4v=01;35:*.mp4v=01;35:*.vob=01;35:*.qt=01;35:*.nuv=01;35:*.wmv=01;35:*.asf=01;35:*.rm=01;35:*.rmvb=01;35:*.flc=01;35:*.avi=01;35:*.fli=01;35:*.flv=01;35:*.gl=01;35:*.dl=01;35:*.xcf=01;35:*.xwd=01;35:*.yuv=01;35:*.cgm=01;35:*.emf=01;35:*.ogv=01;35:*.ogx=01;35:*.aac=00;36:*.au=00;36:*.flac=00;36:*.m4a=00;36:*.mid=00;36:*.midi=00;36:*.mka=00;36:*.mp3=00;36:*.mpc=00;36:*.ogg=00;36:*.ra=00;36:*.wav=00;36:*.oga=00;36:*.opus=00;36:*.spx=00;36:*.xspf=00;36:'), ('AMENT_PREFIX_PATH', '/root/ros2_ws/install/vesc:/root/ros2_ws/install/vesc_driver:/root/ros2_ws/install/vesc_ackermann:/root/ros2_ws/install/vesc_msgs:/root/ros2_ws/install/my_f1tenth_pkg:/opt/ros/foxy'), ('PWD', '/root/ros2_ws/build/vesc_driver'), ('LC_ALL', 'C.UTF-8'), ('PYTHONPATH', '/root/ros2_ws/install/vesc_msgs/lib/python3.8/site-packages:/root/ros2_ws/install/my_f1tenth_pkg/lib/python3.8/site-packages:/opt/ros/foxy/lib/python3.8/site-packages'), ('COLCON', '1'), ('CMAKE_PREFIX_PATH', '/root/ros2_ws/install/vesc_msgs:/root/ros2_ws/install/vesc:/root/ros2_ws/install/vesc_driver:/root/ros2_ws/install/vesc_ackermann:/root/ros2_ws/install/my_f1tenth_pkg:/opt/ros/foxy')]), 'shell': False}
[39.244266] (-) TimerEvent: {}
[39.307897] (sllidar_ros2) StderrLine: {'line': b'In file included from \x1b[01m\x1b[K/root/ros2_ws/src/sllidar_ros2/./sdk/include/sl_lidar_cmd.h:41\x1b[m\x1b[K,\n'}
[39.309099] (sllidar_ros2) StderrLine: {'line': b'                 from \x1b[01m\x1b[K/root/ros2_ws/src/sllidar_ros2/./sdk/include/sl_lidar_driver.h:54\x1b[m\x1b[K,\n'}
[39.309668] (sllidar_ros2) StderrLine: {'line': b'                 from \x1b[01m\x1b[K/root/ros2_ws/src/sllidar_ros2/sdk/src/sl_udp_channel.cpp:33\x1b[m\x1b[K:\n'}
[39.310151] (sllidar_ros2) StderrLine: {'line': b'\x1b[01m\x1b[K/root/ros2_ws/src/sllidar_ros2/./sdk/include/sl_lidar_protocol.h:66:16:\x1b[m\x1b[K \x1b[01;35m\x1b[Kwarning: \x1b[m\x1b[KISO C++ forbids zero-size array \xe2\x80\x98\x1b[01m\x1b[Kdata\x1b[m\x1b[K\xe2\x80\x99 [\x1b[01;35m\x1b[K-Wpedantic\x1b[m\x1b[K]\n'}
[39.310627] (sllidar_ros2) StderrLine: {'line': b'   66 |     sl_u8 data[\x1b[01;35m\x1b[K0\x1b[m\x1b[K];\n'}
[39.311105] (sllidar_ros2) StderrLine: {'line': b'      |                \x1b[01;35m\x1b[K^\x1b[m\x1b[K\n'}
[39.311919] (sllidar_ros2) StderrLine: {'line': b'In file included from \x1b[01m\x1b[K/root/ros2_ws/src/sllidar_ros2/./sdk/include/sl_lidar_driver.h:54\x1b[m\x1b[K,\n'}
[39.312383] (sllidar_ros2) StderrLine: {'line': b'                 from \x1b[01m\x1b[K/root/ros2_ws/src/sllidar_ros2/sdk/src/sl_udp_channel.cpp:33\x1b[m\x1b[K:\n'}
[39.312894] (sllidar_ros2) StderrLine: {'line': b'\x1b[01m\x1b[K/root/ros2_ws/src/sllidar_ros2/./sdk/include/sl_lidar_cmd.h:324:20:\x1b[m\x1b[K \x1b[01;35m\x1b[Kwarning: \x1b[m\x1b[KISO C++ forbids zero-size array \xe2\x80\x98\x1b[01m\x1b[Kpayload\x1b[m\x1b[K\xe2\x80\x99 [\x1b[01;35m\x1b[K-Wpedantic\x1b[m\x1b[K]\n'}
[39.313410] (sllidar_ros2) StderrLine: {'line': b'  324 |     sl_u8  payload[\x1b[01;35m\x1b[K0\x1b[m\x1b[K];\n'}
[39.313869] (sllidar_ros2) StderrLine: {'line': b'      |                    \x1b[01;35m\x1b[K^\x1b[m\x1b[K\n'}
[39.338105] (sllidar_ros2) StderrLine: {'line': b'\x1b[01m\x1b[K/root/ros2_ws/src/sllidar_ros2/sdk/src/sl_udp_channel.cpp:\x1b[m\x1b[K In member function \xe2\x80\x98\x1b[01m\x1b[Kvoid sl::UdpChannel::setStatus(_u32)\x1b[m\x1b[K\xe2\x80\x99:\n'}
[39.338809] (sllidar_ros2) StderrLine: {'line': b'\x1b[01m\x1b[K/root/ros2_ws/src/sllidar_ros2/sdk/src/sl_udp_channel.cpp:112:29:\x1b[m\x1b[K \x1b[01;35m\x1b[Kwarning: \x1b[m\x1b[Kunused parameter \xe2\x80\x98\x1b[01m\x1b[Kflag\x1b[m\x1b[K\xe2\x80\x99 [\x1b[01;35m\x1b[K-Wunused-parameter\x1b[m\x1b[K]\n'}
[39.339340] (sllidar_ros2) StderrLine: {'line': b'  112 |         void setStatus(\x1b[01;35m\x1b[K_u32 flag\x1b[m\x1b[K){}\n'}
[39.339854] (sllidar_ros2) StderrLine: {'line': b'      |                        \x1b[01;35m\x1b[K~~~~~^~~~\x1b[m\x1b[K\n'}
[39.344417] (-) TimerEvent: {}
[39.446995] (-) TimerEvent: {}
[39.541929] (vesc_ackermann) StdoutLine: {'line': b'[ 28%] Built target ackermann_to_vesc_node\n'}
[39.547185] (-) TimerEvent: {}
[39.633642] (sllidar_ros2) StdoutLine: {'line': b'[ 90%] \x1b[32mBuilding CXX object CMakeFiles/sllidar_node.dir/sdk/src/sl_serial_channel.cpp.o\x1b[0m\n'}
[39.646308] (vesc_driver) StdoutLine: {'line': b'[ 10%] \x1b[32m\x1b[1mLinking CXX shared library libvesc_driver.so\x1b[0m\n'}
[39.647322] (-) TimerEvent: {}
[39.748490] (-) TimerEvent: {}
[39.777258] (vesc_ackermann) StdoutLine: {'line': b'[ 42%] \x1b[32m\x1b[1mLinking CXX shared library libvesc_ackermann.so\x1b[0m\n'}
[39.848688] (-) TimerEvent: {}
[39.949835] (-) TimerEvent: {}
[40.054745] (-) TimerEvent: {}
[40.160607] (-) TimerEvent: {}
[40.261521] (-) TimerEvent: {}
[40.363808] (-) TimerEvent: {}
[40.464821] (-) TimerEvent: {}
[40.567917] (-) TimerEvent: {}
[40.671488] (-) TimerEvent: {}
[40.772512] (-) TimerEvent: {}
[40.856440] (sllidar_ros2) StderrLine: {'line': b'In file included from \x1b[01m\x1b[K/root/ros2_ws/src/sllidar_ros2/./sdk/include/sl_lidar_cmd.h:41\x1b[m\x1b[K,\n'}
[40.857706] (sllidar_ros2) StderrLine: {'line': b'                 from \x1b[01m\x1b[K/root/ros2_ws/src/sllidar_ros2/./sdk/include/sl_lidar_driver.h:54\x1b[m\x1b[K,\n'}
[40.858814] (sllidar_ros2) StderrLine: {'line': b'                 from \x1b[01m\x1b[K/root/ros2_ws/src/sllidar_ros2/sdk/src/sl_serial_channel.cpp:33\x1b[m\x1b[K:\n'}
[40.859919] (sllidar_ros2) StderrLine: {'line': b'\x1b[01m\x1b[K/root/ros2_ws/src/sllidar_ros2/./sdk/include/sl_lidar_protocol.h:66:16:\x1b[m\x1b[K \x1b[01;35m\x1b[Kwarning: \x1b[m\x1b[KISO C++ forbids zero-size array \xe2\x80\x98\x1b[01m\x1b[Kdata\x1b[m\x1b[K\xe2\x80\x99 [\x1b[01;35m\x1b[K-Wpedantic\x1b[m\x1b[K]\n'}
[40.861161] (sllidar_ros2) StderrLine: {'line': b'   66 |     sl_u8 data[\x1b[01;35m\x1b[K0\x1b[m\x1b[K];\n'}
[40.862390] (sllidar_ros2) StderrLine: {'line': b'      |                \x1b[01;35m\x1b[K^\x1b[m\x1b[K\n'}
[40.868140] (sllidar_ros2) StderrLine: {'line': b'In file included from \x1b[01m\x1b[K/root/ros2_ws/src/sllidar_ros2/./sdk/include/sl_lidar_driver.h:54\x1b[m\x1b[K,\n'}
[40.869432] (sllidar_ros2) StderrLine: {'line': b'                 from \x1b[01m\x1b[K/root/ros2_ws/src/sllidar_ros2/sdk/src/sl_serial_channel.cpp:33\x1b[m\x1b[K:\n'}
[40.870526] (sllidar_ros2) StderrLine: {'line': b'\x1b[01m\x1b[K/root/ros2_ws/src/sllidar_ros2/./sdk/include/sl_lidar_cmd.h:324:20:\x1b[m\x1b[K \x1b[01;35m\x1b[Kwarning: \x1b[m\x1b[KISO C++ forbids zero-size array \xe2\x80\x98\x1b[01m\x1b[Kpayload\x1b[m\x1b[K\xe2\x80\x99 [\x1b[01;35m\x1b[K-Wpedantic\x1b[m\x1b[K]\n'}
[40.871485] (sllidar_ros2) StderrLine: {'line': b'  324 |     sl_u8  payload[\x1b[01;35m\x1b[K0\x1b[m\x1b[K];\n'}
[40.872601] (sllidar_ros2) StderrLine: {'line': b'      |                    \x1b[01;35m\x1b[K^\x1b[m\x1b[K\n'}
[40.873405] (-) TimerEvent: {}
[40.975956] (-) TimerEvent: {}
[41.078939] (-) TimerEvent: {}
[41.181264] (-) TimerEvent: {}
[41.234567] (sllidar_ros2) StdoutLine: {'line': b'[ 95%] \x1b[32m\x1b[1mLinking CXX executable sllidar_node\x1b[0m\n'}
[41.281446] (-) TimerEvent: {}
[41.382274] (-) TimerEvent: {}
[41.483139] (-) TimerEvent: {}
[41.588693] (-) TimerEvent: {}
[41.692033] (-) TimerEvent: {}
[41.807321] (-) TimerEvent: {}
[41.908118] (-) TimerEvent: {}
[42.010655] (-) TimerEvent: {}
[42.113195] (-) TimerEvent: {}
[42.215511] (-) TimerEvent: {}
[42.317841] (-) TimerEvent: {}
[42.419710] (-) TimerEvent: {}
[42.522114] (-) TimerEvent: {}
[42.624238] (-) TimerEvent: {}
[42.674350] (sllidar_ros2) StdoutLine: {'line': b'[ 95%] Built target sllidar_node\n'}
[42.724504] (-) TimerEvent: {}
[42.828961] (-) TimerEvent: {}
[42.932916] (-) TimerEvent: {}
[43.033788] (-) TimerEvent: {}
[43.054994] (vesc_driver) StdoutLine: {'line': b'[ 50%] Built target vesc_driver\n'}
[43.117485] (sllidar_ros2) StdoutLine: {'line': b'[100%] \x1b[32m\x1b[1mLinking CXX executable sllidar_client\x1b[0m\n'}
[43.133966] (-) TimerEvent: {}
[43.216978] (vesc_driver) StdoutLine: {'line': b'[ 60%] \x1b[32m\x1b[1mLinking CXX executable vesc_driver_node\x1b[0m\n'}
[43.234158] (-) TimerEvent: {}
[43.334950] (-) TimerEvent: {}
[43.424082] (vesc_ackermann) StdoutLine: {'line': b'[ 71%] Built target vesc_ackermann\n'}
[43.436992] (-) TimerEvent: {}
[43.538188] (-) TimerEvent: {}
[43.582384] (vesc_ackermann) StdoutLine: {'line': b'[ 85%] \x1b[32m\x1b[1mLinking CXX executable vesc_to_odom_node\x1b[0m\n'}
[43.638434] (-) TimerEvent: {}
[43.739635] (-) TimerEvent: {}
[43.841312] (-) TimerEvent: {}
[43.941064] (vesc_driver) StdoutLine: {'line': b'[ 70%] Built target vesc_driver_node\n'}
[43.941700] (-) TimerEvent: {}
[44.042420] (-) TimerEvent: {}
[44.109962] (vesc_driver) StdoutLine: {'line': b'[ 80%] \x1b[32m\x1b[1mLinking CXX executable vesc_device_namer\x1b[0m\n'}
[44.142622] (-) TimerEvent: {}
[44.243694] (-) TimerEvent: {}
[44.278842] (vesc_ackermann) StdoutLine: {'line': b'[100%] Built target vesc_to_odom_node\n'}
[44.331080] (vesc_ackermann) CommandEnded: {'returncode': 0}
[44.344177] (-) TimerEvent: {}
[44.387622] (sllidar_ros2) StdoutLine: {'line': b'[100%] Built target sllidar_client\n'}
[44.444342] (-) TimerEvent: {}
[44.455957] (sllidar_ros2) CommandEnded: {'returncode': 0}
[44.494130] (vesc_ackermann) JobProgress: {'identifier': 'vesc_ackermann', 'progress': 'install'}
[44.495615] (vesc_ackermann) Command: {'cmd': ['/usr/bin/cmake', '--install', '/root/ros2_ws/build/vesc_ackermann'], 'cwd': '/root/ros2_ws/build/vesc_ackermann', 'env': OrderedDict([('HOSTNAME', 'lmk-desktop'), ('SHLVL', '1'), ('LD_LIBRARY_PATH', '/root/ros2_ws/install/vesc_msgs/lib:/root/ros2_ws/install/vesc_driver/lib:/root/ros2_ws/install/vesc_ackermann/lib:/opt/ros/foxy/opt/yaml_cpp_vendor/lib:/opt/ros/foxy/opt/rviz_ogre_vendor/lib:/opt/ros/foxy/lib/aarch64-linux-gnu:/opt/ros/foxy/lib'), ('HOME', '/root'), ('OLDPWD', '/root/ros2_ws/src'), ('ROS_PYTHON_VERSION', '3'), ('COLCON_PREFIX_PATH', '/root/ros2_ws/install:/root/install'), ('ROS_DISTRO', 'foxy'), ('_', '/usr/bin/colcon'), ('ROS_VERSION', '2'), ('TERM', 'xterm'), ('ROS_LOCALHOST_ONLY', '0'), ('PATH', '/opt/ros/foxy/bin:/usr/local/sbin:/usr/local/bin:/usr/sbin:/usr/bin:/sbin:/bin'), ('DISPLAY', ':0'), ('LANG', 'C.UTF-8'), ('LS_COLORS', 'rs=0:di=01;34:ln=01;36:mh=00:pi=40;33:so=01;35:do=01;35:bd=40;33;01:cd=40;33;01:or=40;31;01:mi=00:su=37;41:sg=30;43:ca=30;41:tw=30;42:ow=34;42:st=37;44:ex=01;32:*.tar=01;31:*.tgz=01;31:*.arc=01;31:*.arj=01;31:*.taz=01;31:*.lha=01;31:*.lz4=01;31:*.lzh=01;31:*.lzma=01;31:*.tlz=01;31:*.txz=01;31:*.tzo=01;31:*.t7z=01;31:*.zip=01;31:*.z=01;31:*.dz=01;31:*.gz=01;31:*.lrz=01;31:*.lz=01;31:*.lzo=01;31:*.xz=01;31:*.zst=01;31:*.tzst=01;31:*.bz2=01;31:*.bz=01;31:*.tbz=01;31:*.tbz2=01;31:*.tz=01;31:*.deb=01;31:*.rpm=01;31:*.jar=01;31:*.war=01;31:*.ear=01;31:*.sar=01;31:*.rar=01;31:*.alz=01;31:*.ace=01;31:*.zoo=01;31:*.cpio=01;31:*.7z=01;31:*.rz=01;31:*.cab=01;31:*.wim=01;31:*.swm=01;31:*.dwm=01;31:*.esd=01;31:*.jpg=01;35:*.jpeg=01;35:*.mjpg=01;35:*.mjpeg=01;35:*.gif=01;35:*.bmp=01;35:*.pbm=01;35:*.pgm=01;35:*.ppm=01;35:*.tga=01;35:*.xbm=01;35:*.xpm=01;35:*.tif=01;35:*.tiff=01;35:*.png=01;35:*.svg=01;35:*.svgz=01;35:*.mng=01;35:*.pcx=01;35:*.mov=01;35:*.mpg=01;35:*.mpeg=01;35:*.m2v=01;35:*.mkv=01;35:*.webm=01;35:*.ogm=01;35:*.mp4=01;35:*.m4v=01;35:*.mp4v=01;35:*.vob=01;35:*.qt=01;35:*.nuv=01;35:*.wmv=01;35:*.asf=01;35:*.rm=01;35:*.rmvb=01;35:*.flc=01;35:*.avi=01;35:*.fli=01;35:*.flv=01;35:*.gl=01;35:*.dl=01;35:*.xcf=01;35:*.xwd=01;35:*.yuv=01;35:*.cgm=01;35:*.emf=01;35:*.ogv=01;35:*.ogx=01;35:*.aac=00;36:*.au=00;36:*.flac=00;36:*.m4a=00;36:*.mid=00;36:*.midi=00;36:*.mka=00;36:*.mp3=00;36:*.mpc=00;36:*.ogg=00;36:*.ra=00;36:*.wav=00;36:*.oga=00;36:*.opus=00;36:*.spx=00;36:*.xspf=00;36:'), ('AMENT_PREFIX_PATH', '/root/ros2_ws/install/vesc:/root/ros2_ws/install/vesc_driver:/root/ros2_ws/install/vesc_ackermann:/root/ros2_ws/install/vesc_msgs:/root/ros2_ws/install/my_f1tenth_pkg:/opt/ros/foxy'), ('PWD', '/root/ros2_ws/build/vesc_ackermann'), ('LC_ALL', 'C.UTF-8'), ('PYTHONPATH', '/root/ros2_ws/install/vesc_msgs/lib/python3.8/site-packages:/root/ros2_ws/install/my_f1tenth_pkg/lib/python3.8/site-packages:/opt/ros/foxy/lib/python3.8/site-packages'), ('COLCON', '1'), ('CMAKE_PREFIX_PATH', '/root/ros2_ws/install/vesc_msgs:/root/ros2_ws/install/vesc:/root/ros2_ws/install/vesc_driver:/root/ros2_ws/install/vesc_ackermann:/root/ros2_ws/install/my_f1tenth_pkg:/opt/ros/foxy')]), 'shell': False}
[44.543130] (vesc_ackermann) StdoutLine: {'line': b'-- Install configuration: ""\n'}
[44.545282] (vesc_ackermann) StdoutLine: {'line': b'-- Execute custom install script\n'}
[44.545958] (-) TimerEvent: {}
[44.549224] (vesc_ackermann) StdoutLine: {'line': b'-- Symlinking: /root/ros2_ws/install/vesc_ackermann/lib/vesc_ackermann/ackermann_to_vesc_node\n'}
[44.594422] (vesc_ackermann) StdoutLine: {'line': b'-- Symlinking: /root/ros2_ws/install/vesc_ackermann/lib/vesc_ackermann/vesc_to_odom_node\n'}
[44.641067] (vesc_ackermann) StdoutLine: {'line': b'-- Symlinking: /root/ros2_ws/install/vesc_ackermann/include/vesc_ackermann/ackermann_to_vesc.hpp\n'}
[44.646142] (-) TimerEvent: {}
[44.685962] (vesc_ackermann) StdoutLine: {'line': b'-- Symlinking: /root/ros2_ws/install/vesc_ackermann/include/vesc_ackermann/vesc_to_odom.hpp\n'}
[44.727849] (sllidar_ros2) JobProgress: {'identifier': 'sllidar_ros2', 'progress': 'install'}
[44.730059] (sllidar_ros2) Command: {'cmd': ['/usr/bin/cmake', '--install', '/root/ros2_ws/build/sllidar_ros2'], 'cwd': '/root/ros2_ws/build/sllidar_ros2', 'env': OrderedDict([('HOSTNAME', 'lmk-desktop'), ('SHLVL', '1'), ('LD_LIBRARY_PATH', '/root/ros2_ws/install/vesc_driver/lib:/root/ros2_ws/install/vesc_ackermann/lib:/root/ros2_ws/install/vesc_msgs/lib:/opt/ros/foxy/opt/yaml_cpp_vendor/lib:/opt/ros/foxy/opt/rviz_ogre_vendor/lib:/opt/ros/foxy/lib/aarch64-linux-gnu:/opt/ros/foxy/lib'), ('HOME', '/root'), ('OLDPWD', '/root/ros2_ws/src'), ('ROS_PYTHON_VERSION', '3'), ('COLCON_PREFIX_PATH', '/root/ros2_ws/install:/root/install'), ('ROS_DISTRO', 'foxy'), ('_', '/usr/bin/colcon'), ('ROS_VERSION', '2'), ('TERM', 'xterm'), ('ROS_LOCALHOST_ONLY', '0'), ('PATH', '/opt/ros/foxy/bin:/usr/local/sbin:/usr/local/bin:/usr/sbin:/usr/bin:/sbin:/bin'), ('DISPLAY', ':0'), ('LANG', 'C.UTF-8'), ('LS_COLORS', 'rs=0:di=01;34:ln=01;36:mh=00:pi=40;33:so=01;35:do=01;35:bd=40;33;01:cd=40;33;01:or=40;31;01:mi=00:su=37;41:sg=30;43:ca=30;41:tw=30;42:ow=34;42:st=37;44:ex=01;32:*.tar=01;31:*.tgz=01;31:*.arc=01;31:*.arj=01;31:*.taz=01;31:*.lha=01;31:*.lz4=01;31:*.lzh=01;31:*.lzma=01;31:*.tlz=01;31:*.txz=01;31:*.tzo=01;31:*.t7z=01;31:*.zip=01;31:*.z=01;31:*.dz=01;31:*.gz=01;31:*.lrz=01;31:*.lz=01;31:*.lzo=01;31:*.xz=01;31:*.zst=01;31:*.tzst=01;31:*.bz2=01;31:*.bz=01;31:*.tbz=01;31:*.tbz2=01;31:*.tz=01;31:*.deb=01;31:*.rpm=01;31:*.jar=01;31:*.war=01;31:*.ear=01;31:*.sar=01;31:*.rar=01;31:*.alz=01;31:*.ace=01;31:*.zoo=01;31:*.cpio=01;31:*.7z=01;31:*.rz=01;31:*.cab=01;31:*.wim=01;31:*.swm=01;31:*.dwm=01;31:*.esd=01;31:*.jpg=01;35:*.jpeg=01;35:*.mjpg=01;35:*.mjpeg=01;35:*.gif=01;35:*.bmp=01;35:*.pbm=01;35:*.pgm=01;35:*.ppm=01;35:*.tga=01;35:*.xbm=01;35:*.xpm=01;35:*.tif=01;35:*.tiff=01;35:*.png=01;35:*.svg=01;35:*.svgz=01;35:*.mng=01;35:*.pcx=01;35:*.mov=01;35:*.mpg=01;35:*.mpeg=01;35:*.m2v=01;35:*.mkv=01;35:*.webm=01;35:*.ogm=01;35:*.mp4=01;35:*.m4v=01;35:*.mp4v=01;35:*.vob=01;35:*.qt=01;35:*.nuv=01;35:*.wmv=01;35:*.asf=01;35:*.rm=01;35:*.rmvb=01;35:*.flc=01;35:*.avi=01;35:*.fli=01;35:*.flv=01;35:*.gl=01;35:*.dl=01;35:*.xcf=01;35:*.xwd=01;35:*.yuv=01;35:*.cgm=01;35:*.emf=01;35:*.ogv=01;35:*.ogx=01;35:*.aac=00;36:*.au=00;36:*.flac=00;36:*.m4a=00;36:*.mid=00;36:*.midi=00;36:*.mka=00;36:*.mp3=00;36:*.mpc=00;36:*.ogg=00;36:*.ra=00;36:*.wav=00;36:*.oga=00;36:*.opus=00;36:*.spx=00;36:*.xspf=00;36:'), ('AMENT_PREFIX_PATH', '/root/ros2_ws/install/vesc:/root/ros2_ws/install/vesc_driver:/root/ros2_ws/install/vesc_ackermann:/root/ros2_ws/install/vesc_msgs:/root/ros2_ws/install/my_f1tenth_pkg:/opt/ros/foxy'), ('PWD', '/root/ros2_ws/build/sllidar_ros2'), ('LC_ALL', 'C.UTF-8'), ('PYTHONPATH', '/root/ros2_ws/install/vesc_msgs/lib/python3.8/site-packages:/root/ros2_ws/install/my_f1tenth_pkg/lib/python3.8/site-packages:/opt/ros/foxy/lib/python3.8/site-packages'), ('COLCON', '1'), ('CMAKE_PREFIX_PATH', '/root/ros2_ws/install/vesc:/root/ros2_ws/install/vesc_driver:/root/ros2_ws/install/vesc_ackermann:/root/ros2_ws/install/vesc_msgs:/root/ros2_ws/install/my_f1tenth_pkg:/opt/ros/foxy')]), 'shell': False}
[44.739033] (vesc_ackermann) StdoutLine: {'line': b'-- Symlinking: /root/ros2_ws/install/vesc_ackermann/share/vesc_ackermann/environment/library_path.sh\n'}
[44.746364] (-) TimerEvent: {}
[44.772295] (vesc_ackermann) StdoutLine: {'line': b'-- Symlinking: /root/ros2_ws/install/vesc_ackermann/share/vesc_ackermann/environment/library_path.dsv\n'}
[44.774975] (sllidar_ros2) StdoutLine: {'line': b'-- Install configuration: ""\n'}
[44.782219] (sllidar_ros2) StdoutLine: {'line': b'-- Execute custom install script\n'}
[44.791857] (sllidar_ros2) StdoutLine: {'line': b'-- Symlinking: /root/ros2_ws/install/sllidar_ros2/share/sllidar_ros2/launch/sllidar_a1_launch.py\n'}
[44.814783] (vesc_ackermann) StdoutLine: {'line': b'-- Symlinking: /root/ros2_ws/install/vesc_ackermann/lib/libvesc_ackermann.so\n'}
[44.835990] (sllidar_ros2) StdoutLine: {'line': b'-- Symlinking: /root/ros2_ws/install/sllidar_ros2/share/sllidar_ros2/launch/sllidar_a2m12_launch .py\n'}
[44.846552] (-) TimerEvent: {}
[44.865421] (vesc_ackermann) StdoutLine: {'line': b'-- Symlinking: /root/ros2_ws/install/vesc_ackermann/share/vesc_ackermann/launch/ackermann_to_vesc_node.launch.xml\n'}
[44.882501] (sllidar_ros2) StdoutLine: {'line': b'-- Symlinking: /root/ros2_ws/install/sllidar_ros2/share/sllidar_ros2/launch/sllidar_a2m7_launch.py\n'}
[44.909961] (vesc_ackermann) StdoutLine: {'line': b'-- Symlinking: /root/ros2_ws/install/vesc_ackermann/share/vesc_ackermann/launch/vesc_to_odom_node.launch.xml\n'}
[44.923738] (sllidar_ros2) StdoutLine: {'line': b'-- Symlinking: /root/ros2_ws/install/sllidar_ros2/share/sllidar_ros2/launch/sllidar_a2m8_launch.py\n'}
[44.946839] (-) TimerEvent: {}
[44.958133] (vesc_ackermann) StdoutLine: {'line': b'-- Symlinking: /root/ros2_ws/install/vesc_ackermann/share/ament_index/resource_index/package_run_dependencies/vesc_ackermann\n'}
[44.966329] (sllidar_ros2) StdoutLine: {'line': b'-- Symlinking: /root/ros2_ws/install/sllidar_ros2/share/sllidar_ros2/launch/sllidar_a3_launch.py\n'}
[45.004010] (vesc_ackermann) StdoutLine: {'line': b'-- Symlinking: /root/ros2_ws/install/vesc_ackermann/share/ament_index/resource_index/parent_prefix_path/vesc_ackermann\n'}
[45.010389] (sllidar_ros2) StdoutLine: {'line': b'-- Symlinking: /root/ros2_ws/install/sllidar_ros2/share/sllidar_ros2/launch/sllidar_c1_launch.py\n'}
[45.044239] (vesc_ackermann) StdoutLine: {'line': b'-- Symlinking: /root/ros2_ws/install/vesc_ackermann/share/vesc_ackermann/environment/ament_prefix_path.sh\n'}
[45.047019] (-) TimerEvent: {}
[45.051009] (sllidar_ros2) StdoutLine: {'line': b'-- Symlinking: /root/ros2_ws/install/sllidar_ros2/share/sllidar_ros2/launch/sllidar_s1_launch.py\n'}
[45.088084] (vesc_ackermann) StdoutLine: {'line': b'-- Symlinking: /root/ros2_ws/install/vesc_ackermann/share/vesc_ackermann/environment/ament_prefix_path.dsv\n'}
[45.101658] (sllidar_ros2) StdoutLine: {'line': b'-- Symlinking: /root/ros2_ws/install/sllidar_ros2/share/sllidar_ros2/launch/sllidar_s1_tcp_launch.py\n'}
[45.128740] (vesc_ackermann) StdoutLine: {'line': b'-- Symlinking: /root/ros2_ws/install/vesc_ackermann/share/vesc_ackermann/environment/path.sh\n'}
[45.142545] (sllidar_ros2) StdoutLine: {'line': b'-- Symlinking: /root/ros2_ws/install/sllidar_ros2/share/sllidar_ros2/launch/sllidar_s2_launch.py\n'}
[45.147280] (-) TimerEvent: {}
[45.170938] (vesc_ackermann) StdoutLine: {'line': b'-- Symlinking: /root/ros2_ws/install/vesc_ackermann/share/vesc_ackermann/environment/path.dsv\n'}
[45.183818] (sllidar_ros2) StdoutLine: {'line': b'-- Symlinking: /root/ros2_ws/install/sllidar_ros2/share/sllidar_ros2/launch/sllidar_s2e_launch.py\n'}
[45.212259] (vesc_ackermann) StdoutLine: {'line': b'-- Symlinking: /root/ros2_ws/install/vesc_ackermann/share/vesc_ackermann/local_setup.bash\n'}
[45.224971] (sllidar_ros2) StdoutLine: {'line': b'-- Symlinking: /root/ros2_ws/install/sllidar_ros2/share/sllidar_ros2/launch/sllidar_s3_launch.py\n'}
[45.247517] (-) TimerEvent: {}
[45.249080] (vesc_ackermann) StdoutLine: {'line': b'-- Symlinking: /root/ros2_ws/install/vesc_ackermann/share/vesc_ackermann/local_setup.sh\n'}
[45.263266] (sllidar_ros2) StdoutLine: {'line': b'-- Symlinking: /root/ros2_ws/install/sllidar_ros2/share/sllidar_ros2/launch/sllidar_t1_launch.py\n'}
[45.288249] (vesc_ackermann) StdoutLine: {'line': b'-- Symlinking: /root/ros2_ws/install/vesc_ackermann/share/vesc_ackermann/local_setup.zsh\n'}
[45.303961] (sllidar_ros2) StdoutLine: {'line': b'-- Symlinking: /root/ros2_ws/install/sllidar_ros2/share/sllidar_ros2/launch/view_sllidar_a1_launch.py\n'}
[45.331672] (vesc_ackermann) StdoutLine: {'line': b'-- Symlinking: /root/ros2_ws/install/vesc_ackermann/share/vesc_ackermann/local_setup.dsv\n'}
[45.347196] (sllidar_ros2) StdoutLine: {'line': b'-- Symlinking: /root/ros2_ws/install/sllidar_ros2/share/sllidar_ros2/launch/view_sllidar_a2m12_launch.py\n'}
[45.347854] (-) TimerEvent: {}
[45.369998] (vesc_ackermann) StdoutLine: {'line': b'-- Symlinking: /root/ros2_ws/install/vesc_ackermann/share/vesc_ackermann/package.dsv\n'}
[45.388422] (sllidar_ros2) StdoutLine: {'line': b'-- Symlinking: /root/ros2_ws/install/sllidar_ros2/share/sllidar_ros2/launch/view_sllidar_a2m7_launch.py\n'}
[45.410414] (vesc_ackermann) StdoutLine: {'line': b'-- Symlinking: /root/ros2_ws/install/vesc_ackermann/share/ament_index/resource_index/packages/vesc_ackermann\n'}
[45.425033] (sllidar_ros2) StdoutLine: {'line': b'-- Symlinking: /root/ros2_ws/install/sllidar_ros2/share/sllidar_ros2/launch/view_sllidar_a2m8_launch.py\n'}
[45.439699] (vesc_driver) StdoutLine: {'line': b'[100%] Built target vesc_device_namer\n'}
[45.446721] (vesc_ackermann) StdoutLine: {'line': b'-- Symlinking: /root/ros2_ws/install/vesc_ackermann/share/ament_index/resource_index/rclcpp_components/vesc_ackermann\n'}
[45.448004] (-) TimerEvent: {}
[45.462497] (sllidar_ros2) StdoutLine: {'line': b'-- Symlinking: /root/ros2_ws/install/sllidar_ros2/share/sllidar_ros2/launch/view_sllidar_a3_launch.py\n'}
[45.484369] (vesc_driver) CommandEnded: {'returncode': 0}
[45.486462] (vesc_ackermann) StdoutLine: {'line': b'-- Symlinking: /root/ros2_ws/install/vesc_ackermann/share/vesc_ackermann/cmake/ament_cmake_export_dependencies-extras.cmake\n'}
[45.500016] (sllidar_ros2) StdoutLine: {'line': b'-- Symlinking: /root/ros2_ws/install/sllidar_ros2/share/sllidar_ros2/launch/view_sllidar_c1_launch.py\n'}
[45.524092] (vesc_ackermann) StdoutLine: {'line': b'-- Symlinking: /root/ros2_ws/install/vesc_ackermann/share/vesc_ackermann/cmake/ament_cmake_export_include_directories-extras.cmake\n'}
[45.540080] (sllidar_ros2) StdoutLine: {'line': b'-- Symlinking: /root/ros2_ws/install/sllidar_ros2/share/sllidar_ros2/launch/view_sllidar_s1_launch.py\n'}
[45.548175] (-) TimerEvent: {}
[45.563647] (vesc_ackermann) StdoutLine: {'line': b'-- Symlinking: /root/ros2_ws/install/vesc_ackermann/share/vesc_ackermann/cmake/ament_cmake_export_libraries-extras.cmake\n'}
[45.578778] (sllidar_ros2) StdoutLine: {'line': b'-- Symlinking: /root/ros2_ws/install/sllidar_ros2/share/sllidar_ros2/launch/view_sllidar_s1_tcp_launch.py\n'}
[45.600542] (vesc_ackermann) StdoutLine: {'line': b'-- Symlinking: /root/ros2_ws/install/vesc_ackermann/share/vesc_ackermann/cmake/vesc_ackermannConfig.cmake\n'}
[45.616989] (sllidar_ros2) StdoutLine: {'line': b'-- Symlinking: /root/ros2_ws/install/sllidar_ros2/share/sllidar_ros2/launch/view_sllidar_s2_launch.py\n'}
[45.639602] (vesc_ackermann) StdoutLine: {'line': b'-- Symlinking: /root/ros2_ws/install/vesc_ackermann/share/vesc_ackermann/cmake/vesc_ackermannConfig-version.cmake\n'}
[45.648357] (-) TimerEvent: {}
[45.654163] (sllidar_ros2) StdoutLine: {'line': b'-- Symlinking: /root/ros2_ws/install/sllidar_ros2/share/sllidar_ros2/launch/view_sllidar_s2e_launch.py\n'}
[45.658843] (vesc_driver) JobProgress: {'identifier': 'vesc_driver', 'progress': 'install'}
[45.660209] (vesc_driver) Command: {'cmd': ['/usr/bin/cmake', '--install', '/root/ros2_ws/build/vesc_driver'], 'cwd': '/root/ros2_ws/build/vesc_driver', 'env': OrderedDict([('HOSTNAME', 'lmk-desktop'), ('SHLVL', '1'), ('LD_LIBRARY_PATH', '/root/ros2_ws/install/vesc_msgs/lib:/root/ros2_ws/install/vesc_driver/lib:/root/ros2_ws/install/vesc_ackermann/lib:/opt/ros/foxy/opt/yaml_cpp_vendor/lib:/opt/ros/foxy/opt/rviz_ogre_vendor/lib:/opt/ros/foxy/lib/aarch64-linux-gnu:/opt/ros/foxy/lib'), ('HOME', '/root'), ('OLDPWD', '/root/ros2_ws/src'), ('ROS_PYTHON_VERSION', '3'), ('COLCON_PREFIX_PATH', '/root/ros2_ws/install:/root/install'), ('ROS_DISTRO', 'foxy'), ('_', '/usr/bin/colcon'), ('ROS_VERSION', '2'), ('TERM', 'xterm'), ('ROS_LOCALHOST_ONLY', '0'), ('PATH', '/opt/ros/foxy/bin:/usr/local/sbin:/usr/local/bin:/usr/sbin:/usr/bin:/sbin:/bin'), ('DISPLAY', ':0'), ('LANG', 'C.UTF-8'), ('LS_COLORS', 'rs=0:di=01;34:ln=01;36:mh=00:pi=40;33:so=01;35:do=01;35:bd=40;33;01:cd=40;33;01:or=40;31;01:mi=00:su=37;41:sg=30;43:ca=30;41:tw=30;42:ow=34;42:st=37;44:ex=01;32:*.tar=01;31:*.tgz=01;31:*.arc=01;31:*.arj=01;31:*.taz=01;31:*.lha=01;31:*.lz4=01;31:*.lzh=01;31:*.lzma=01;31:*.tlz=01;31:*.txz=01;31:*.tzo=01;31:*.t7z=01;31:*.zip=01;31:*.z=01;31:*.dz=01;31:*.gz=01;31:*.lrz=01;31:*.lz=01;31:*.lzo=01;31:*.xz=01;31:*.zst=01;31:*.tzst=01;31:*.bz2=01;31:*.bz=01;31:*.tbz=01;31:*.tbz2=01;31:*.tz=01;31:*.deb=01;31:*.rpm=01;31:*.jar=01;31:*.war=01;31:*.ear=01;31:*.sar=01;31:*.rar=01;31:*.alz=01;31:*.ace=01;31:*.zoo=01;31:*.cpio=01;31:*.7z=01;31:*.rz=01;31:*.cab=01;31:*.wim=01;31:*.swm=01;31:*.dwm=01;31:*.esd=01;31:*.jpg=01;35:*.jpeg=01;35:*.mjpg=01;35:*.mjpeg=01;35:*.gif=01;35:*.bmp=01;35:*.pbm=01;35:*.pgm=01;35:*.ppm=01;35:*.tga=01;35:*.xbm=01;35:*.xpm=01;35:*.tif=01;35:*.tiff=01;35:*.png=01;35:*.svg=01;35:*.svgz=01;35:*.mng=01;35:*.pcx=01;35:*.mov=01;35:*.mpg=01;35:*.mpeg=01;35:*.m2v=01;35:*.mkv=01;35:*.webm=01;35:*.ogm=01;35:*.mp4=01;35:*.m4v=01;35:*.mp4v=01;35:*.vob=01;35:*.qt=01;35:*.nuv=01;35:*.wmv=01;35:*.asf=01;35:*.rm=01;35:*.rmvb=01;35:*.flc=01;35:*.avi=01;35:*.fli=01;35:*.flv=01;35:*.gl=01;35:*.dl=01;35:*.xcf=01;35:*.xwd=01;35:*.yuv=01;35:*.cgm=01;35:*.emf=01;35:*.ogv=01;35:*.ogx=01;35:*.aac=00;36:*.au=00;36:*.flac=00;36:*.m4a=00;36:*.mid=00;36:*.midi=00;36:*.mka=00;36:*.mp3=00;36:*.mpc=00;36:*.ogg=00;36:*.ra=00;36:*.wav=00;36:*.oga=00;36:*.opus=00;36:*.spx=00;36:*.xspf=00;36:'), ('AMENT_PREFIX_PATH', '/root/ros2_ws/install/vesc:/root/ros2_ws/install/vesc_driver:/root/ros2_ws/install/vesc_ackermann:/root/ros2_ws/install/vesc_msgs:/root/ros2_ws/install/my_f1tenth_pkg:/opt/ros/foxy'), ('PWD', '/root/ros2_ws/build/vesc_driver'), ('LC_ALL', 'C.UTF-8'), ('PYTHONPATH', '/root/ros2_ws/install/vesc_msgs/lib/python3.8/site-packages:/root/ros2_ws/install/my_f1tenth_pkg/lib/python3.8/site-packages:/opt/ros/foxy/lib/python3.8/site-packages'), ('COLCON', '1'), ('CMAKE_PREFIX_PATH', '/root/ros2_ws/install/vesc_msgs:/root/ros2_ws/install/vesc:/root/ros2_ws/install/vesc_driver:/root/ros2_ws/install/vesc_ackermann:/root/ros2_ws/install/my_f1tenth_pkg:/opt/ros/foxy')]), 'shell': False}
[45.678073] (vesc_ackermann) StdoutLine: {'line': b'-- Symlinking: /root/ros2_ws/install/vesc_ackermann/share/vesc_ackermann/package.xml\n'}
[45.695693] (sllidar_ros2) StdoutLine: {'line': b'-- Symlinking: /root/ros2_ws/install/sllidar_ros2/share/sllidar_ros2/launch/view_sllidar_s3_launch.py\n'}
[45.699939] (vesc_driver) StdoutLine: {'line': b'-- Install configuration: ""\n'}
[45.702125] (vesc_driver) StdoutLine: {'line': b'-- Execute custom install script\n'}
[45.705668] (vesc_driver) StdoutLine: {'line': b'-- Symlinking: /root/ros2_ws/install/vesc_driver/lib/vesc_driver/vesc_driver_node\n'}
[45.724408] (vesc_ackermann) CommandEnded: {'returncode': 0}
[45.742196] (sllidar_ros2) StdoutLine: {'line': b'-- Symlinking: /root/ros2_ws/install/sllidar_ros2/share/sllidar_ros2/launch/view_sllidar_t1_launch.py\n'}
[45.746135] (vesc_driver) StdoutLine: {'line': b'-- Symlinking: /root/ros2_ws/install/vesc_driver/include/vesc_driver/crc.hpp\n'}
[45.748524] (-) TimerEvent: {}
[45.779045] (sllidar_ros2) StdoutLine: {'line': b'-- Symlinking: /root/ros2_ws/install/sllidar_ros2/share/sllidar_ros2/rviz/sllidar_ros2.rviz\n'}
[45.795332] (vesc_driver) StdoutLine: {'line': b'-- Symlinking: /root/ros2_ws/install/vesc_driver/include/vesc_driver/datatypes.hpp\n'}
[45.819465] (sllidar_ros2) StdoutLine: {'line': b'-- Symlinking: /root/ros2_ws/install/sllidar_ros2/lib/sllidar_ros2/sllidar_node\n'}
[45.825264] (vesc_driver) StdoutLine: {'line': b'-- Symlinking: /root/ros2_ws/install/vesc_driver/include/vesc_driver/vesc_device_uuid_lookup.hpp\n'}
[45.848732] (-) TimerEvent: {}
[45.854709] (sllidar_ros2) StdoutLine: {'line': b'-- Symlinking: /root/ros2_ws/install/sllidar_ros2/lib/sllidar_ros2/sllidar_client\n'}
[45.863203] (vesc_driver) StdoutLine: {'line': b'-- Symlinking: /root/ros2_ws/install/vesc_driver/include/vesc_driver/vesc_driver.hpp\n'}
[45.894389] (sllidar_ros2) StdoutLine: {'line': b'-- Symlinking: /root/ros2_ws/install/sllidar_ros2/share/ament_index/resource_index/package_run_dependencies/sllidar_ros2\n'}
[45.901338] (vesc_driver) StdoutLine: {'line': b'-- Symlinking: /root/ros2_ws/install/vesc_driver/include/vesc_driver/vesc_interface.hpp\n'}
[45.939068] (sllidar_ros2) StdoutLine: {'line': b'-- Symlinking: /root/ros2_ws/install/sllidar_ros2/share/ament_index/resource_index/parent_prefix_path/sllidar_ros2\n'}
[45.941569] (vesc_driver) StdoutLine: {'line': b'-- Symlinking: /root/ros2_ws/install/vesc_driver/include/vesc_driver/vesc_packet.hpp\n'}
[45.951743] (-) TimerEvent: {}
[45.976051] (sllidar_ros2) StdoutLine: {'line': b'-- Symlinking: /root/ros2_ws/install/sllidar_ros2/share/sllidar_ros2/environment/ament_prefix_path.sh\n'}
[45.977066] (vesc_driver) StdoutLine: {'line': b'-- Symlinking: /root/ros2_ws/install/vesc_driver/include/vesc_driver/vesc_packet_factory.hpp\n'}
[46.018615] (sllidar_ros2) StdoutLine: {'line': b'-- Symlinking: /root/ros2_ws/install/sllidar_ros2/share/sllidar_ros2/environment/ament_prefix_path.dsv\n'}
[46.019237] (vesc_driver) StdoutLine: {'line': b'-- Symlinking: /root/ros2_ws/install/vesc_driver/share/vesc_driver/environment/library_path.sh\n'}
[46.036378] (vesc_ackermann) JobEnded: {'identifier': 'vesc_ackermann', 'rc': 0}
[46.050142] (sllidar_ros2) StdoutLine: {'line': b'-- Symlinking: /root/ros2_ws/install/sllidar_ros2/share/sllidar_ros2/environment/path.sh\n'}
[46.051133] (vesc_driver) StdoutLine: {'line': b'-- Symlinking: /root/ros2_ws/install/vesc_driver/share/vesc_driver/environment/library_path.dsv\n'}
[46.051868] (-) TimerEvent: {}
[46.087927] (sllidar_ros2) StdoutLine: {'line': b'-- Symlinking: /root/ros2_ws/install/sllidar_ros2/share/sllidar_ros2/environment/path.dsv\n'}
[46.090836] (vesc_driver) StdoutLine: {'line': b'-- Symlinking: /root/ros2_ws/install/vesc_driver/lib/libvesc_driver.so\n'}
[46.123722] (sllidar_ros2) StdoutLine: {'line': b'-- Symlinking: /root/ros2_ws/install/sllidar_ros2/share/sllidar_ros2/local_setup.bash\n'}
[46.125791] (vesc_driver) StdoutLine: {'line': b'-- Symlinking: /root/ros2_ws/install/vesc_driver/lib/vesc_driver/vesc_device_namer\n'}
[46.152063] (-) TimerEvent: {}
[46.157935] (sllidar_ros2) StdoutLine: {'line': b'-- Symlinking: /root/ros2_ws/install/sllidar_ros2/share/sllidar_ros2/local_setup.sh\n'}
[46.160571] (vesc_driver) StdoutLine: {'line': b'-- Symlinking: /root/ros2_ws/install/vesc_driver/share/vesc_driver/launch/vesc_driver_node.launch.py\n'}
[46.195340] (sllidar_ros2) StdoutLine: {'line': b'-- Symlinking: /root/ros2_ws/install/sllidar_ros2/share/sllidar_ros2/local_setup.zsh\n'}
[46.196613] (vesc_driver) StdoutLine: {'line': b'-- Symlinking: /root/ros2_ws/install/vesc_driver/share/vesc_driver/params/vesc_config.yaml\n'}
[46.229818] (sllidar_ros2) StdoutLine: {'line': b'-- Symlinking: /root/ros2_ws/install/sllidar_ros2/share/sllidar_ros2/local_setup.dsv\n'}
[46.230638] (vesc_driver) StdoutLine: {'line': b'-- Symlinking: /root/ros2_ws/install/vesc_driver/share/ament_index/resource_index/package_run_dependencies/vesc_driver\n'}
[46.252240] (-) TimerEvent: {}
[46.263969] (sllidar_ros2) StdoutLine: {'line': b'-- Symlinking: /root/ros2_ws/install/sllidar_ros2/share/sllidar_ros2/package.dsv\n'}
[46.266111] (vesc_driver) StdoutLine: {'line': b'-- Symlinking: /root/ros2_ws/install/vesc_driver/share/ament_index/resource_index/parent_prefix_path/vesc_driver\n'}
[46.299452] (sllidar_ros2) StdoutLine: {'line': b'-- Symlinking: /root/ros2_ws/install/sllidar_ros2/share/ament_index/resource_index/packages/sllidar_ros2\n'}
[46.300247] (vesc_driver) StdoutLine: {'line': b'-- Symlinking: /root/ros2_ws/install/vesc_driver/share/vesc_driver/environment/ament_prefix_path.sh\n'}
[46.335252] (vesc_driver) StdoutLine: {'line': b'-- Symlinking: /root/ros2_ws/install/vesc_driver/share/vesc_driver/environment/ament_prefix_path.dsv\n'}
[46.336845] (sllidar_ros2) StdoutLine: {'line': b'-- Symlinking: /root/ros2_ws/install/sllidar_ros2/share/sllidar_ros2/cmake/ament_cmake_export_dependencies-extras.cmake\n'}
[46.352420] (-) TimerEvent: {}
[46.370348] (sllidar_ros2) StdoutLine: {'line': b'-- Symlinking: /root/ros2_ws/install/sllidar_ros2/share/sllidar_ros2/cmake/ament_cmake_export_include_directories-extras.cmake\n'}
[46.371050] (vesc_driver) StdoutLine: {'line': b'-- Symlinking: /root/ros2_ws/install/vesc_driver/share/vesc_driver/environment/path.sh\n'}
[46.406900] (vesc_driver) StdoutLine: {'line': b'-- Symlinking: /root/ros2_ws/install/vesc_driver/share/vesc_driver/environment/path.dsv\n'}
[46.409614] (sllidar_ros2) StdoutLine: {'line': b'-- Symlinking: /root/ros2_ws/install/sllidar_ros2/share/sllidar_ros2/cmake/sllidar_ros2Config.cmake\n'}
[46.440526] (sllidar_ros2) StdoutLine: {'line': b'-- Symlinking: /root/ros2_ws/install/sllidar_ros2/share/sllidar_ros2/cmake/sllidar_ros2Config-version.cmake\n'}
[46.441724] (vesc_driver) StdoutLine: {'line': b'-- Symlinking: /root/ros2_ws/install/vesc_driver/share/vesc_driver/local_setup.bash\n'}
[46.452592] (-) TimerEvent: {}
[46.475710] (sllidar_ros2) StdoutLine: {'line': b'-- Symlinking: /root/ros2_ws/install/sllidar_ros2/share/sllidar_ros2/package.xml\n'}
[46.476302] (vesc_driver) StdoutLine: {'line': b'-- Symlinking: /root/ros2_ws/install/vesc_driver/share/vesc_driver/local_setup.sh\n'}
[46.512094] (vesc_driver) StdoutLine: {'line': b'-- Symlinking: /root/ros2_ws/install/vesc_driver/share/vesc_driver/local_setup.zsh\n'}
[46.522755] (sllidar_ros2) CommandEnded: {'returncode': 0}
[46.547410] (vesc_driver) StdoutLine: {'line': b'-- Symlinking: /root/ros2_ws/install/vesc_driver/share/vesc_driver/local_setup.dsv\n'}
[46.557277] (-) TimerEvent: {}
[46.582886] (vesc_driver) StdoutLine: {'line': b'-- Symlinking: /root/ros2_ws/install/vesc_driver/share/vesc_driver/package.dsv\n'}
[46.622609] (vesc_driver) StdoutLine: {'line': b'-- Symlinking: /root/ros2_ws/install/vesc_driver/share/ament_index/resource_index/packages/vesc_driver\n'}
[46.657540] (-) TimerEvent: {}
[46.659802] (vesc_driver) StdoutLine: {'line': b'-- Symlinking: /root/ros2_ws/install/vesc_driver/share/ament_index/resource_index/rclcpp_components/vesc_driver\n'}
[46.699032] (vesc_driver) StdoutLine: {'line': b'-- Symlinking: /root/ros2_ws/install/vesc_driver/share/vesc_driver/cmake/ament_cmake_export_dependencies-extras.cmake\n'}
[46.734224] (vesc_driver) StdoutLine: {'line': b'-- Symlinking: /root/ros2_ws/install/vesc_driver/share/vesc_driver/cmake/ament_cmake_export_include_directories-extras.cmake\n'}
[46.757683] (-) TimerEvent: {}
[46.782770] (vesc_driver) StdoutLine: {'line': b'-- Symlinking: /root/ros2_ws/install/vesc_driver/share/vesc_driver/cmake/ament_cmake_export_libraries-extras.cmake\n'}
[46.816118] (vesc_driver) StdoutLine: {'line': b'-- Symlinking: /root/ros2_ws/install/vesc_driver/share/vesc_driver/cmake/vesc_driverConfig.cmake\n'}
[46.829092] (sllidar_ros2) JobEnded: {'identifier': 'sllidar_ros2', 'rc': 0}
[46.846429] (vesc_driver) StdoutLine: {'line': b'-- Symlinking: /root/ros2_ws/install/vesc_driver/share/vesc_driver/cmake/vesc_driverConfig-version.cmake\n'}
[46.857852] (-) TimerEvent: {}
[46.882186] (vesc_driver) StdoutLine: {'line': b'-- Symlinking: /root/ros2_ws/install/vesc_driver/share/vesc_driver/package.xml\n'}
[46.923978] (vesc_driver) CommandEnded: {'returncode': 0}
[46.958280] (-) TimerEvent: {}
[47.059012] (-) TimerEvent: {}
[47.160469] (-) TimerEvent: {}
[47.182068] (vesc_driver) JobEnded: {'identifier': 'vesc_driver', 'rc': 0}
[47.194064] (vesc) JobStarted: {'identifier': 'vesc'}
[47.254722] (vesc) JobProgress: {'identifier': 'vesc', 'progress': 'cmake'}
[47.259986] (vesc) Command: {'cmd': ['/usr/bin/cmake', '/root/ros2_ws/src/vesc/vesc', '-DAMENT_CMAKE_SYMLINK_INSTALL=1', '-DCMAKE_INSTALL_PREFIX=/root/ros2_ws/install/vesc'], 'cwd': '/root/ros2_ws/build/vesc', 'env': OrderedDict([('HOSTNAME', 'lmk-desktop'), ('SHLVL', '1'), ('LD_LIBRARY_PATH', '/root/ros2_ws/install/vesc_driver/lib:/root/ros2_ws/install/vesc_ackermann/lib:/root/ros2_ws/install/vesc_msgs/lib:/opt/ros/foxy/opt/yaml_cpp_vendor/lib:/opt/ros/foxy/opt/rviz_ogre_vendor/lib:/opt/ros/foxy/lib/aarch64-linux-gnu:/opt/ros/foxy/lib'), ('HOME', '/root'), ('OLDPWD', '/root/ros2_ws/src'), ('ROS_PYTHON_VERSION', '3'), ('COLCON_PREFIX_PATH', '/root/ros2_ws/install:/root/install'), ('ROS_DISTRO', 'foxy'), ('_', '/usr/bin/colcon'), ('ROS_VERSION', '2'), ('TERM', 'xterm'), ('ROS_LOCALHOST_ONLY', '0'), ('PATH', '/opt/ros/foxy/bin:/usr/local/sbin:/usr/local/bin:/usr/sbin:/usr/bin:/sbin:/bin'), ('DISPLAY', ':0'), ('LANG', 'C.UTF-8'), ('LS_COLORS', 'rs=0:di=01;34:ln=01;36:mh=00:pi=40;33:so=01;35:do=01;35:bd=40;33;01:cd=40;33;01:or=40;31;01:mi=00:su=37;41:sg=30;43:ca=30;41:tw=30;42:ow=34;42:st=37;44:ex=01;32:*.tar=01;31:*.tgz=01;31:*.arc=01;31:*.arj=01;31:*.taz=01;31:*.lha=01;31:*.lz4=01;31:*.lzh=01;31:*.lzma=01;31:*.tlz=01;31:*.txz=01;31:*.tzo=01;31:*.t7z=01;31:*.zip=01;31:*.z=01;31:*.dz=01;31:*.gz=01;31:*.lrz=01;31:*.lz=01;31:*.lzo=01;31:*.xz=01;31:*.zst=01;31:*.tzst=01;31:*.bz2=01;31:*.bz=01;31:*.tbz=01;31:*.tbz2=01;31:*.tz=01;31:*.deb=01;31:*.rpm=01;31:*.jar=01;31:*.war=01;31:*.ear=01;31:*.sar=01;31:*.rar=01;31:*.alz=01;31:*.ace=01;31:*.zoo=01;31:*.cpio=01;31:*.7z=01;31:*.rz=01;31:*.cab=01;31:*.wim=01;31:*.swm=01;31:*.dwm=01;31:*.esd=01;31:*.jpg=01;35:*.jpeg=01;35:*.mjpg=01;35:*.mjpeg=01;35:*.gif=01;35:*.bmp=01;35:*.pbm=01;35:*.pgm=01;35:*.ppm=01;35:*.tga=01;35:*.xbm=01;35:*.xpm=01;35:*.tif=01;35:*.tiff=01;35:*.png=01;35:*.svg=01;35:*.svgz=01;35:*.mng=01;35:*.pcx=01;35:*.mov=01;35:*.mpg=01;35:*.mpeg=01;35:*.m2v=01;35:*.mkv=01;35:*.webm=01;35:*.ogm=01;35:*.mp4=01;35:*.m4v=01;35:*.mp4v=01;35:*.vob=01;35:*.qt=01;35:*.nuv=01;35:*.wmv=01;35:*.asf=01;35:*.rm=01;35:*.rmvb=01;35:*.flc=01;35:*.avi=01;35:*.fli=01;35:*.flv=01;35:*.gl=01;35:*.dl=01;35:*.xcf=01;35:*.xwd=01;35:*.yuv=01;35:*.cgm=01;35:*.emf=01;35:*.ogv=01;35:*.ogx=01;35:*.aac=00;36:*.au=00;36:*.flac=00;36:*.m4a=00;36:*.mid=00;36:*.midi=00;36:*.mka=00;36:*.mp3=00;36:*.mpc=00;36:*.ogg=00;36:*.ra=00;36:*.wav=00;36:*.oga=00;36:*.opus=00;36:*.spx=00;36:*.xspf=00;36:'), ('AMENT_PREFIX_PATH', '/root/ros2_ws/install/vesc:/root/ros2_ws/install/vesc_driver:/root/ros2_ws/install/vesc_ackermann:/root/ros2_ws/install/vesc_msgs:/root/ros2_ws/install/my_f1tenth_pkg:/opt/ros/foxy'), ('PWD', '/root/ros2_ws/build/vesc'), ('LC_ALL', 'C.UTF-8'), ('PYTHONPATH', '/root/ros2_ws/install/vesc_msgs/lib/python3.8/site-packages:/root/ros2_ws/install/my_f1tenth_pkg/lib/python3.8/site-packages:/opt/ros/foxy/lib/python3.8/site-packages'), ('COLCON', '1'), ('CMAKE_PREFIX_PATH', '/root/ros2_ws/install/vesc_driver:/root/ros2_ws/install/vesc_ackermann:/root/ros2_ws/install/vesc_msgs:/root/ros2_ws/install/vesc:/root/ros2_ws/install/my_f1tenth_pkg:/opt/ros/foxy')]), 'shell': False}
[47.267700] (-) TimerEvent: {}
[47.327102] (vesc) StdoutLine: {'line': b'-- Found ament_cmake_auto: 0.9.12 (/opt/ros/foxy/share/ament_cmake_auto/cmake)\n'}
[47.367452] (-) TimerEvent: {}
[47.433374] (vesc) StdoutLine: {'line': b'-- Using PYTHON_EXECUTABLE: /usr/bin/python3\n'}
[47.467655] (-) TimerEvent: {}
[47.568261] (-) TimerEvent: {}
[47.668874] (-) TimerEvent: {}
[47.769522] (-) TimerEvent: {}
[47.870138] (-) TimerEvent: {}
[47.970827] (-) TimerEvent: {}
[48.071490] (-) TimerEvent: {}
[48.104021] (vesc) StdoutLine: {'line': b'-- Override CMake install command with custom implementation using symlinks instead of copying resources\n'}
[48.171707] (-) TimerEvent: {}
[48.272400] (-) TimerEvent: {}
[48.373105] (-) TimerEvent: {}
[48.425182] (vesc) StdoutLine: {'line': b'-- Configuring done\n'}
[48.449666] (vesc) StdoutLine: {'line': b'-- Generating done\n'}
[48.453050] (vesc) StdoutLine: {'line': b'-- Build files have been written to: /root/ros2_ws/build/vesc\n'}
[48.461315] (vesc) CommandEnded: {'returncode': 0}
[48.463168] (vesc) JobProgress: {'identifier': 'vesc', 'progress': 'build'}
[48.464106] (vesc) Command: {'cmd': ['/usr/bin/cmake', '--build', '/root/ros2_ws/build/vesc', '--', '-j4', '-l4'], 'cwd': '/root/ros2_ws/build/vesc', 'env': OrderedDict([('HOSTNAME', 'lmk-desktop'), ('SHLVL', '1'), ('LD_LIBRARY_PATH', '/root/ros2_ws/install/vesc_driver/lib:/root/ros2_ws/install/vesc_ackermann/lib:/root/ros2_ws/install/vesc_msgs/lib:/opt/ros/foxy/opt/yaml_cpp_vendor/lib:/opt/ros/foxy/opt/rviz_ogre_vendor/lib:/opt/ros/foxy/lib/aarch64-linux-gnu:/opt/ros/foxy/lib'), ('HOME', '/root'), ('OLDPWD', '/root/ros2_ws/src'), ('ROS_PYTHON_VERSION', '3'), ('COLCON_PREFIX_PATH', '/root/ros2_ws/install:/root/install'), ('ROS_DISTRO', 'foxy'), ('_', '/usr/bin/colcon'), ('ROS_VERSION', '2'), ('TERM', 'xterm'), ('ROS_LOCALHOST_ONLY', '0'), ('PATH', '/opt/ros/foxy/bin:/usr/local/sbin:/usr/local/bin:/usr/sbin:/usr/bin:/sbin:/bin'), ('DISPLAY', ':0'), ('LANG', 'C.UTF-8'), ('LS_COLORS', 'rs=0:di=01;34:ln=01;36:mh=00:pi=40;33:so=01;35:do=01;35:bd=40;33;01:cd=40;33;01:or=40;31;01:mi=00:su=37;41:sg=30;43:ca=30;41:tw=30;42:ow=34;42:st=37;44:ex=01;32:*.tar=01;31:*.tgz=01;31:*.arc=01;31:*.arj=01;31:*.taz=01;31:*.lha=01;31:*.lz4=01;31:*.lzh=01;31:*.lzma=01;31:*.tlz=01;31:*.txz=01;31:*.tzo=01;31:*.t7z=01;31:*.zip=01;31:*.z=01;31:*.dz=01;31:*.gz=01;31:*.lrz=01;31:*.lz=01;31:*.lzo=01;31:*.xz=01;31:*.zst=01;31:*.tzst=01;31:*.bz2=01;31:*.bz=01;31:*.tbz=01;31:*.tbz2=01;31:*.tz=01;31:*.deb=01;31:*.rpm=01;31:*.jar=01;31:*.war=01;31:*.ear=01;31:*.sar=01;31:*.rar=01;31:*.alz=01;31:*.ace=01;31:*.zoo=01;31:*.cpio=01;31:*.7z=01;31:*.rz=01;31:*.cab=01;31:*.wim=01;31:*.swm=01;31:*.dwm=01;31:*.esd=01;31:*.jpg=01;35:*.jpeg=01;35:*.mjpg=01;35:*.mjpeg=01;35:*.gif=01;35:*.bmp=01;35:*.pbm=01;35:*.pgm=01;35:*.ppm=01;35:*.tga=01;35:*.xbm=01;35:*.xpm=01;35:*.tif=01;35:*.tiff=01;35:*.png=01;35:*.svg=01;35:*.svgz=01;35:*.mng=01;35:*.pcx=01;35:*.mov=01;35:*.mpg=01;35:*.mpeg=01;35:*.m2v=01;35:*.mkv=01;35:*.webm=01;35:*.ogm=01;35:*.mp4=01;35:*.m4v=01;35:*.mp4v=01;35:*.vob=01;35:*.qt=01;35:*.nuv=01;35:*.wmv=01;35:*.asf=01;35:*.rm=01;35:*.rmvb=01;35:*.flc=01;35:*.avi=01;35:*.fli=01;35:*.flv=01;35:*.gl=01;35:*.dl=01;35:*.xcf=01;35:*.xwd=01;35:*.yuv=01;35:*.cgm=01;35:*.emf=01;35:*.ogv=01;35:*.ogx=01;35:*.aac=00;36:*.au=00;36:*.flac=00;36:*.m4a=00;36:*.mid=00;36:*.midi=00;36:*.mka=00;36:*.mp3=00;36:*.mpc=00;36:*.ogg=00;36:*.ra=00;36:*.wav=00;36:*.oga=00;36:*.opus=00;36:*.spx=00;36:*.xspf=00;36:'), ('AMENT_PREFIX_PATH', '/root/ros2_ws/install/vesc:/root/ros2_ws/install/vesc_driver:/root/ros2_ws/install/vesc_ackermann:/root/ros2_ws/install/vesc_msgs:/root/ros2_ws/install/my_f1tenth_pkg:/opt/ros/foxy'), ('PWD', '/root/ros2_ws/build/vesc'), ('LC_ALL', 'C.UTF-8'), ('PYTHONPATH', '/root/ros2_ws/install/vesc_msgs/lib/python3.8/site-packages:/root/ros2_ws/install/my_f1tenth_pkg/lib/python3.8/site-packages:/opt/ros/foxy/lib/python3.8/site-packages'), ('COLCON', '1'), ('CMAKE_PREFIX_PATH', '/root/ros2_ws/install/vesc_driver:/root/ros2_ws/install/vesc_ackermann:/root/ros2_ws/install/vesc_msgs:/root/ros2_ws/install/vesc:/root/ros2_ws/install/my_f1tenth_pkg:/opt/ros/foxy')]), 'shell': False}
[48.473913] (-) TimerEvent: {}
[48.575139] (-) TimerEvent: {}
[48.619137] (vesc) CommandEnded: {'returncode': 0}
[48.675374] (-) TimerEvent: {}
[48.693225] (vesc) JobProgress: {'identifier': 'vesc', 'progress': 'install'}
[48.694156] (vesc) Command: {'cmd': ['/usr/bin/cmake', '--install', '/root/ros2_ws/build/vesc'], 'cwd': '/root/ros2_ws/build/vesc', 'env': OrderedDict([('HOSTNAME', 'lmk-desktop'), ('SHLVL', '1'), ('LD_LIBRARY_PATH', '/root/ros2_ws/install/vesc_driver/lib:/root/ros2_ws/install/vesc_ackermann/lib:/root/ros2_ws/install/vesc_msgs/lib:/opt/ros/foxy/opt/yaml_cpp_vendor/lib:/opt/ros/foxy/opt/rviz_ogre_vendor/lib:/opt/ros/foxy/lib/aarch64-linux-gnu:/opt/ros/foxy/lib'), ('HOME', '/root'), ('OLDPWD', '/root/ros2_ws/src'), ('ROS_PYTHON_VERSION', '3'), ('COLCON_PREFIX_PATH', '/root/ros2_ws/install:/root/install'), ('ROS_DISTRO', 'foxy'), ('_', '/usr/bin/colcon'), ('ROS_VERSION', '2'), ('TERM', 'xterm'), ('ROS_LOCALHOST_ONLY', '0'), ('PATH', '/opt/ros/foxy/bin:/usr/local/sbin:/usr/local/bin:/usr/sbin:/usr/bin:/sbin:/bin'), ('DISPLAY', ':0'), ('LANG', 'C.UTF-8'), ('LS_COLORS', 'rs=0:di=01;34:ln=01;36:mh=00:pi=40;33:so=01;35:do=01;35:bd=40;33;01:cd=40;33;01:or=40;31;01:mi=00:su=37;41:sg=30;43:ca=30;41:tw=30;42:ow=34;42:st=37;44:ex=01;32:*.tar=01;31:*.tgz=01;31:*.arc=01;31:*.arj=01;31:*.taz=01;31:*.lha=01;31:*.lz4=01;31:*.lzh=01;31:*.lzma=01;31:*.tlz=01;31:*.txz=01;31:*.tzo=01;31:*.t7z=01;31:*.zip=01;31:*.z=01;31:*.dz=01;31:*.gz=01;31:*.lrz=01;31:*.lz=01;31:*.lzo=01;31:*.xz=01;31:*.zst=01;31:*.tzst=01;31:*.bz2=01;31:*.bz=01;31:*.tbz=01;31:*.tbz2=01;31:*.tz=01;31:*.deb=01;31:*.rpm=01;31:*.jar=01;31:*.war=01;31:*.ear=01;31:*.sar=01;31:*.rar=01;31:*.alz=01;31:*.ace=01;31:*.zoo=01;31:*.cpio=01;31:*.7z=01;31:*.rz=01;31:*.cab=01;31:*.wim=01;31:*.swm=01;31:*.dwm=01;31:*.esd=01;31:*.jpg=01;35:*.jpeg=01;35:*.mjpg=01;35:*.mjpeg=01;35:*.gif=01;35:*.bmp=01;35:*.pbm=01;35:*.pgm=01;35:*.ppm=01;35:*.tga=01;35:*.xbm=01;35:*.xpm=01;35:*.tif=01;35:*.tiff=01;35:*.png=01;35:*.svg=01;35:*.svgz=01;35:*.mng=01;35:*.pcx=01;35:*.mov=01;35:*.mpg=01;35:*.mpeg=01;35:*.m2v=01;35:*.mkv=01;35:*.webm=01;35:*.ogm=01;35:*.mp4=01;35:*.m4v=01;35:*.mp4v=01;35:*.vob=01;35:*.qt=01;35:*.nuv=01;35:*.wmv=01;35:*.asf=01;35:*.rm=01;35:*.rmvb=01;35:*.flc=01;35:*.avi=01;35:*.fli=01;35:*.flv=01;35:*.gl=01;35:*.dl=01;35:*.xcf=01;35:*.xwd=01;35:*.yuv=01;35:*.cgm=01;35:*.emf=01;35:*.ogv=01;35:*.ogx=01;35:*.aac=00;36:*.au=00;36:*.flac=00;36:*.m4a=00;36:*.mid=00;36:*.midi=00;36:*.mka=00;36:*.mp3=00;36:*.mpc=00;36:*.ogg=00;36:*.ra=00;36:*.wav=00;36:*.oga=00;36:*.opus=00;36:*.spx=00;36:*.xspf=00;36:'), ('AMENT_PREFIX_PATH', '/root/ros2_ws/install/vesc:/root/ros2_ws/install/vesc_driver:/root/ros2_ws/install/vesc_ackermann:/root/ros2_ws/install/vesc_msgs:/root/ros2_ws/install/my_f1tenth_pkg:/opt/ros/foxy'), ('PWD', '/root/ros2_ws/build/vesc'), ('LC_ALL', 'C.UTF-8'), ('PYTHONPATH', '/root/ros2_ws/install/vesc_msgs/lib/python3.8/site-packages:/root/ros2_ws/install/my_f1tenth_pkg/lib/python3.8/site-packages:/opt/ros/foxy/lib/python3.8/site-packages'), ('COLCON', '1'), ('CMAKE_PREFIX_PATH', '/root/ros2_ws/install/vesc_driver:/root/ros2_ws/install/vesc_ackermann:/root/ros2_ws/install/vesc_msgs:/root/ros2_ws/install/vesc:/root/ros2_ws/install/my_f1tenth_pkg:/opt/ros/foxy')]), 'shell': False}
[48.731462] (vesc) StdoutLine: {'line': b'-- Install configuration: ""\n'}
[48.733260] (vesc) StdoutLine: {'line': b'-- Execute custom install script\n'}
[48.737290] (vesc) StdoutLine: {'line': b'-- Symlinking: /root/ros2_ws/install/vesc/share/ament_index/resource_index/package_run_dependencies/vesc\n'}
[48.775545] (-) TimerEvent: {}
[48.776225] (vesc) StdoutLine: {'line': b'-- Symlinking: /root/ros2_ws/install/vesc/share/ament_index/resource_index/parent_prefix_path/vesc\n'}
[48.812350] (vesc) StdoutLine: {'line': b'-- Symlinking: /root/ros2_ws/install/vesc/share/vesc/environment/ament_prefix_path.sh\n'}
[48.846820] (vesc) StdoutLine: {'line': b'-- Symlinking: /root/ros2_ws/install/vesc/share/vesc/environment/ament_prefix_path.dsv\n'}
[48.875783] (-) TimerEvent: {}
[48.880459] (vesc) StdoutLine: {'line': b'-- Symlinking: /root/ros2_ws/install/vesc/share/vesc/environment/path.sh\n'}
[48.915261] (vesc) StdoutLine: {'line': b'-- Symlinking: /root/ros2_ws/install/vesc/share/vesc/environment/path.dsv\n'}
[48.951480] (vesc) StdoutLine: {'line': b'-- Symlinking: /root/ros2_ws/install/vesc/share/vesc/local_setup.bash\n'}
[48.976036] (-) TimerEvent: {}
[48.987591] (vesc) StdoutLine: {'line': b'-- Symlinking: /root/ros2_ws/install/vesc/share/vesc/local_setup.sh\n'}
[49.061005] (vesc) StdoutLine: {'line': b'-- Symlinking: /root/ros2_ws/install/vesc/share/vesc/local_setup.zsh\n'}
[49.076268] (-) TimerEvent: {}
[49.095180] (vesc) StdoutLine: {'line': b'-- Symlinking: /root/ros2_ws/install/vesc/share/vesc/local_setup.dsv\n'}
[49.130832] (vesc) StdoutLine: {'line': b'-- Symlinking: /root/ros2_ws/install/vesc/share/vesc/package.dsv\n'}
[49.168670] (vesc) StdoutLine: {'line': b'-- Symlinking: /root/ros2_ws/install/vesc/share/ament_index/resource_index/packages/vesc\n'}
[49.176502] (-) TimerEvent: {}
[49.204084] (vesc) StdoutLine: {'line': b'-- Symlinking: /root/ros2_ws/install/vesc/share/vesc/cmake/vescConfig.cmake\n'}
[49.242422] (vesc) StdoutLine: {'line': b'-- Symlinking: /root/ros2_ws/install/vesc/share/vesc/cmake/vescConfig-version.cmake\n'}
[49.276816] (-) TimerEvent: {}
[49.278577] (vesc) StdoutLine: {'line': b'-- Symlinking: /root/ros2_ws/install/vesc/share/vesc/package.xml\n'}
[49.326500] (vesc) CommandEnded: {'returncode': 0}
[49.378227] (-) TimerEvent: {}
[49.480099] (-) TimerEvent: {}
[49.513253] (vesc) JobEnded: {'identifier': 'vesc', 'rc': 0}
[49.517381] (-) EventReactorShutdown: {}
